"income","occup","educ","church","member","friends"
1.16899916613981,-0.0143686910798279,-0.613694429476921,-0.496238329652989,0.351053502446396,-0.167873366099878
1.41643785514642,2.11737808882636,-0.0612744568686734,0.692658382442741,-0.0565452317543399,0.308643000644548
-0.218222365534438,-1.25215758019432,0.686497581083949,0.712620655441571,-0.796678199508151,0.191417716663798
-0.905400044317041,-1.00064665169149,0.81776199193668,-1.93777579722912,0.565796690689445,-0.0717591419265157
1.20964486984631,4.6374031491148,0.703380029331429,1.1178933503703,0.414102722133213,-0.206855029956878
-3.62952077773102,0.197182258193865,-1.33066702853789,0.210132613900596,0.400646852104425,-0.35502918870716
1.25798194441948,-0.247286471911419,-0.064916419086552,-0.987662716431248,0.13849047234995,0.47825080618909
-0.551397264951432,2.2255990426855,-0.038497331354839,0.570418063925393,0.373482775191328,-0.189827896018341
-0.567320503444267,0.945337712698153,-1.28903372587131,-1.69128219976108,-0.499265176455233,-0.02409116743799
-1.83541206095313,-0.667838687794544,-1.34224948077056,-1.21699954220008,-0.718586806450594,0.314985343963348
-0.23208693500601,4.22499212930271,2.63615888175356,1.39997447344849,0.279296959219606,-0.215076193988129
3.62823519349409,0.726610584508516,-0.762463841952652,1.62704601255482,0.550453388112732,0.575346811720454
0.73995275904809,0.42489296999299,-0.9044601666139,-0.730031439917991,-0.416957518148626,-0.0628715081964808
1.03860405595976,4.17387450832892,1.14052475973411,-0.954086441757602,-0.164039332760546,-0.016567096793275
-1.4984254386749,2.8173880058095,0.59904200904895,-0.713186867922788,-0.332249692729263,-0.790752927446575
1.6309278076796,4.72325409360564,0.698261056654113,1.72583930661183,0.993282804187206,0.230912328908921
-1.76959898754527,-1.93698907202297,0.522270366580721,0.420098878188045,0.41132826528076,-0.0403491765750756
-0.661989494523664,-4.81997435505943,-1.58972052778412,-1.07041698432856,-0.354666944284738,-0.340207403237055
2.23748535573089,-2.66112284727129,0.451503713380455,-0.0329731883201351,-0.377299983106232,-0.0281039946290843
0.596397213437905,1.33167641528221,-0.0238685136829045,2.41455003233427,0.0539901663770225,0.0366650076031238
1.55650303099604,-0.47717080134163,-0.609002275800904,0.0990923746397765,0.0324761357249886,0.108154653734282
2.90645224561442,0.818619331188344,0.860141596715915,1.52250436699803,0.464742766460453,0.322817997572787
-1.28639167456388,0.369970606397088,-0.925617715198181,1.41011619505176,-0.437644518060488,-0.431277079888296
-3.10081464188195,1.39272968569217,1.22637854899821,1.38033691341577,-0.352316405459881,-0.0838828303338345
-3.18980216828491,1.85209607884851,-0.91461084121494,0.0957156511714847,-0.58658769921826,-0.628610862903014
3.60384908476634,5.37581665705529,0.70409410025627,-0.691750491509454,0.0761268139400241,0.0362673276000862
-0.961601460720278,-2.48879555820655,-0.400904370074064,-1.6307940835566,-0.607639424069143,0.293462586685227
1.2385786118579,2.83281020394151,-1.64367701831277,-0.618981126827659,-1.17423919670638,-0.11141178010356
1.22209502022197,1.73984061349789,1.68711035616566,1.14823479708835,0.590324720982061,0.285614644480465
-0.324051337680233,-1.5654277447934,-0.766057364443891,-0.917524893731788,-0.189819011588351,-0.287841712588005
1.62089215734183,0.72178153526563,-0.161235812621119,-0.247364744058825,1.01236113548914,0.500425432896703
4.3859439630742,1.46819442610943,-0.151932415442717,-1.35167945525516,-0.456993621454953,-0.0958224511126635
4.09117659573233,-0.0266519882592395,0.210407866985648,-1.00237725791409,0.114362512206944,0.185592681172015
3.25915229646329,2.04081155288357,2.01348604419116,0.529112162947019,0.62769222704866,0.221687873620566
0.507648476581509,-1.46658928327274,0.473869176015897,1.54420857933864,0.498471445585693,0.628943776059949
0.980649750086926,-1.07748421391777,1.05752747528741,0.817365275430763,0.677150192861932,-0.358498203628129
-0.647033807312667,-0.27220683348757,-0.12708228275997,-0.802192585500783,-0.885349337679136,-0.274038838656145
-3.3182574280594,-1.59122016174485,-1.36306773023945,1.17867427258632,-0.125824329565301,0.0604401471766121
3.52925310360845,-0.996266240551257,-0.10762648460384,1.0983302985976,-0.0975885099464711,-0.0308607655537431
0.0515113918148153,2.83922567068658,0.442507595625744,1.0403306145819,0.310400353156736,-0.110111911603474
2.25305430449106,2.37598933597801,1.54737808177792,0.10699518367422,0.127203954599606,-0.264702124254054
-4.75234779926643,-2.11428775519986,-0.381626483898774,-0.972790679211702,-0.149489032040895,-0.365832893477664
-2.11680366291314,0.434810226103496,1.60051605774617,-0.852705079067163,-0.636434007747499,0.0887234267734539
1.87098649399315,-1.86751202473803,-0.61701367118489,-0.403422951806911,0.550058003319137,0.417740856198572
1.70589955290554,1.78942402115606,1.82171173447053,-0.128448147279684,0.615970590812754,0.234782763102819
2.9163235047467,2.05205956927581,1.76638826159934,0.464637235214609,0.416107292090473,0.586238688631688
-2.82122970327683,1.63644378431003,0.255360005027702,-0.0454146508667312,-0.465019650646928,-0.396462127286346
1.13281175905354,1.30539536493938,1.67210510019881,0.360510445792576,0.677992778157603,0.143931284483338
1.16432506785883,-2.76915637020404,-1.72824610887533,-0.0621545592767076,-0.990249493870933,0.26354377124808
-2.60900351968632,-0.683033568511406,-1.69151599656146,0.0450311471536096,-0.00537600811942757,-0.387493321820792
-1.0788723808071,1.04440094329717,-0.495443188126121,-1.21788651069893,-0.454041799914998,0.203636307598981
3.88853807290413,-1.54134640988748,-0.937304008035142,-0.515156349704226,-0.319996811844721,-0.118055123540427
0.106992140184939,0.527507601957099,-0.000531913824956307,-0.341281650508763,0.390381141320647,0.06366949389939
0.702089384575871,-0.406643967343738,-0.284062694117551,0.427251029978997,-0.36215238406596,0.277483561037869
-1.33959421070281,1.06854043863323,-1.17292813778674,-0.963179306198638,-0.181734089513291,-0.470157743094831
0.554930222991194,0.575727052725214,0.986232921574085,-0.083340451539203,-0.410212069317172,0.720969271390299
1.37991268239507,-2.76063450560458,-0.531939427869271,3.02492189599588,0.179070595382897,-0.348543333476475
1.64469454445212,0.548712220025864,0.940448099227492,2.36184200207741,-0.0245029712300693,0.295160619329586
4.28258890739318,2.92367372094625,1.33587530144871,1.3445999739697,0.72403772467266,0.562819522853439
-4.68563710286121,-6.58809476270579,-1.64227019192115,-0.693131772538282,-0.344466506078092,-0.348278234917562
0.298658059639715,-0.972914411473623,-1.45804893942069,-0.311168724956416,0.292497267542354,-0.128880223033237
-2.68034319546814,-3.46766268092222,-1.18984839322858,-2.52491079453618,-0.558383915989712,-0.0316146869762557
1.10466097342307,1.95369777574671,0.542799125378774,0.0114908993033645,0.652426494401642,0.144744889723802
3.17433605428431,2.40718055637225,1.44792624060322,1.67354560188706,0.443049727117097,-0.0775543326952863
-1.17169597047219,1.72656658349502,1.44022500000229,2.51847889782684,-0.509469752702836,0.411061588862846
-3.65831275546805,2.28107402287056,0.968255936078928,-1.7600950391426,-0.841172874142945,0.374762859647035
1.7731565459225,0.0833694623960284,0.885928883918994,0.54824355755831,0.0676415819870033,-0.131935250656606
3.18137491899611,0.569798951022712,1.0127311114177,-0.939037986978793,0.399390745915141,0.0788512850307055
1.03189230078326,2.42186090992283,0.975315864401007,-2.50068599225539,0.493256280060408,0.326201613884922
-2.58678833167103,-1.68020908747897,0.891189170763098,-0.432004343445286,0.167672116140395,0.250274431332805
0.109039145593875,-3.27140964738447,0.00637655544849997,-0.882378004671332,0.0989519157915138,-0.210809954839253
-1.56654025390369,-0.0501861943230032,-0.159672909982487,-0.122811780715905,0.557647654452635,-0.0818418839863786
-2.09501656103536,-1.57698433746964,-2.51720348958317,-2.32261995734767,-1.36202977277659,-0.842976302514328
4.65283083890241,0.0804310518703744,1.02423209961427,1.83321524489783,0.824126423928741,0.787584294980491
2.80047945197658,0.584926322189907,0.3095312612234,-0.294489601270971,-0.433615332153432,0.194807950601424
1.88188791888791,-2.09528139456416,0.301347280018551,-0.189883690029528,0.57964982741363,-0.32359541278073
1.64961180263356,0.657537758490256,-1.01306990199079,-0.844037137364759,-0.547232623751503,-0.126239206672117
-1.62022795020664,-1.27109081032935,0.509844040561722,1.52893282629795,0.18590377061408,0.485640738870728
0.950822275710785,2.20251687124901,-1.07690419519904,-0.188098571359307,-0.566220128244586,-0.301950619040141
2.03892650605121,0.665104940937324,-0.951463348706419,0.393709992431812,0.284095737281014,-0.196234750621627
1.28849725683159,-0.532734448923818,-1.86371379840554,-0.663627725118778,-0.340090927388919,-0.546271985323413
2.08261985536115,1.09674337226946,0.454137393427459,-1.37185231675541,-0.14735874327658,-0.404452401128629
-0.607668193425261,-3.00476131399712,-1.92177701584405,-0.474988311626599,-0.26604667054845,-0.342242352555405
4.94551336863107,3.37334269370393,2.42953667645329,1.10772147722088,0.420224760911013,0.573807837401185
1.93902694849306,0.724576112171469,0.881746512120036,2.16270371763461,0.697031622022137,-0.0613177659584504
3.72763444487009,2.75708735746576,2.10078217658361,1.47573829820716,0.543525269862983,0.732921229939612
1.34172232338926,0.286648491662866,0.179714926983591,-0.261814177168515,0.394828261484759,0.204556096231062
-0.614824128954803,-0.00698379727039403,-0.0138522682040479,-0.454978393340121,0.166779597188091,-0.148082434687596
1.07116124490477,1.1367290869749,1.51595069175267,0.270881100028457,0.770075812557581,-0.114155186016372
1.64684023942771,-1.29232013265728,1.01112093843015,-1.09482757068293,-0.301223994476752,-0.290685294045123
-1.92441429160973,2.33970178378893,-0.060944579642521,-0.764303617435248,0.372278926182615,-0.33847783681445
-1.70715891685276,-0.105256821239735,-0.740756153826394,1.79076625154778,-0.399081918798618,0.188737259679996
3.76726018353943,1.03467119443375,-0.422944500863062,-0.705998034169245,-0.360302422575886,0.0717383705573093
-0.782261274221243,-1.53036315022117,-0.540786694116139,-2.13571253239382,-0.655066662036546,-0.0452757555001743
-1.95781841077113,0.852723064649421,0.0296403362087841,-0.62139693093338,-0.51322366502835,-0.18182591549274
1.37224783465154,0.2879241770316,0.660139892605492,1.05472085095059,0.600016522318261,-0.206762730109636
-1.0083115174763,-0.0398618377852323,0.683775541609078,-0.803209633179705,-0.581471107104998,-0.604349922953796
4.3078540105809,1.38281656409982,0.691729053561011,-1.23882060294119,0.321241265579574,-0.0345575030045019
-1.19748649527768,0.203798469960184,0.0505180524102558,-0.569055891543163,-0.311081613158408,0.449384825805546
-1.38665165664859,1.43363094552752,-0.441395925487375,1.51134838271463,0.240268637104607,0.113838779242916
0.447063588832121,-1.9692056730323,0.791886582190647,1.39443249362724,0.235727412857782,0.372219725588937
-2.30838187247566,-1.13476811569317,-0.558061080556425,-0.802717213004502,0.106168116514264,-0.0429932542587554
0.84335201222614,3.84697466500306,0.119768635693935,-1.6188183929382,0.0161264085757129,0.0196736099433922
-2.6448532373341,2.14393291737529,0.50532430373081,-3.22567425792905,-0.516012799909266,-0.493292567494019
0.281672633460481,-0.650257735261429,-0.28366591824938,0.0843751961265692,0.00668587979263662,0.395401622191039
-1.07021148088725,-1.5641994837748,0.401150160055245,-0.289803162350289,-0.343924105441531,-0.0621590526030914
-0.622116695088244,0.811745497395195,0.954321733250753,0.744917282928289,-0.272982921164324,-0.255387008300808
3.10674866750639,1.44269793509037,0.934545073353774,-0.848215607178485,0.48404617503314,0.136503248820569
-0.894491488659369,-0.530837899936265,1.23550041552201,1.65308488377663,-0.0690774991741936,0.119646272532613
0.6411181416154,-2.32948696876627,0.862971326031703,-0.510916268918978,-0.134518731303107,-0.220097971440497
-2.45601973290882,2.5516205903012,0.622123664784166,0.156556889481171,-0.520046611814135,-0.27923576909978
-2.64346255876536,1.16403803859258,-0.647274546084092,1.56447503938909,-0.393091109612879,-0.165025159456835
2.5180505589622,2.95625941747884,1.24072826894037,2.72652226673477,-0.391339133501291,-0.503104761561148
2.63382558331798,0.0769336333201741,-1.63533703016266,-2.85041730187641,0.169566816409865,-0.0408922314217333
-0.161223626959143,-2.09963888179042,-1.10494556479293,-0.0824635009261969,0.587535324749772,-0.013284107803461
-1.008403932246,2.38936031981549,0.0348015984342748,-2.84978477588743,-0.168899703190972,0.396866709033184
-0.104123836874245,-0.345836484601991,0.273871459064731,-0.813092404825989,-0.730490265558826,-0.48555670366121
1.25551044451917,2.25357095173103,0.45135720155791,-0.074588382381021,-0.264189135764951,-0.0048905970523526
4.35234083648836,3.12181781344202,2.49813145302468,-0.494025102983043,1.02223216405808,0.768141303925253
-0.137791977630203,0.251027292880041,1.10641284036082,0.688816952361283,-1.23146308808288,-0.560258581583161
3.08429612266034,-0.713119654229171,-1.08904766707856,-0.216673380358039,0.120240582317637,-0.174828085156798
2.63825837273963,-1.69340959603587,0.169248685869463,0.204766276334636,-0.656364928210681,-0.0566892695542335
0.643170603210464,4.87487050459174,1.18639452669321,-0.257258388951285,-0.0920200925352892,0.101371932114397
3.05652805434614,1.03382874578521,0.268907507520935,0.196761431168393,0.354178509661311,0.234780237406368
-0.840998487608343,0.330971916185887,0.253264915860584,-1.16505671837956,-0.2854101036127,0.178310189428125
-2.31356812525142,-4.36231427845738,-0.65622158371692,-1.87618478470023,0.642520253936602,0.173414118015986
-3.68424905113692,-3.43494233108789,-2.41320091188078,1.14685768498953,-0.555975678421376,-0.710192881987144
2.31058191209832,3.29040091818921,1.52891815742342,-0.249176692463507,0.552479944234918,0.42608750487703
-4.23963426651452,-4.03693719535008,0.115940989166694,0.324369030400721,-0.0799658684105102,0.424916901485344
-2.38785829960865,3.07843585987379,-1.18329049619516,2.18117416985481,-0.15450082367495,0.135305905899825
3.27861073502352,-1.76436069286518,-0.851305776646891,-1.2871573345641,-0.751532229373081,-0.273967307786451
1.76420311288125,1.63591053789597,0.562656623152379,0.835661238260375,-0.558439190815031,0.241258778540216
1.04790654234119,-2.1804710104925,0.302885625142191,0.751482318840446,-0.741271045331185,-0.17564730686278
-2.36515337534018,3.06952759833882,0.0555323599759141,0.262613369247687,-0.949610013521228,-0.168314807492591
5.30223992563033,-1.30360291259386,0.599301590493131,0.0431458397682015,-0.0167819941602882,0.233644256661994
-2.09214340285188,-0.947208522315952,-0.253043275827306,0.463770859291697,-0.35677918359094,-0.262988005531629
-2.01869037177098,-2.52465878873183,-1.5632834457201,0.346970681266724,-0.573542345122554,-0.0508068542690616
1.33549166184789,1.03776044340633,1.09973610840195,0.0970947949968574,0.237355860440958,0.218409729000672
0.257900455092438,0.633305283021405,0.47612327867181,0.0106104074341784,1.13841964386615,-0.218696887097866
-0.843668134105854,-0.894021255724228,-0.644722664839727,0.707880454978121,0.189747786253484,0.453539850135347
-2.27651960737832,-1.46982229599911,-0.665889796758342,-2.19871213529069,-0.530416776963322,-0.335223949104839
-2.58288242898006,-3.6723429164173,0.114677981102703,0.669788530663467,-0.852047155125466,-0.222568306871601
-1.1873068309571,1.58350190280147,0.0763383965163918,0.564669659592218,0.144354823724479,0.109927705426561
-2.99635193835483,0.326260817493356,-0.0889936257046822,-0.863960252797295,-0.522575562639159,-0.0989636945336901
0.0316556442780418,-0.734528724025539,0.933077063332575,-0.516353095463684,0.407316239508083,0.19113148373103
1.07844012961067,-3.32010513983956,0.475541519849519,1.47440013454458,0.32828947282956,0.264787921527681
-3.08914431558107,1.79551768020804,0.161970644668892,1.08023082960739,0.0343283131123861,0.363815872494027
1.69631884260129,1.4168199373263,0.0182594906930867,0.846121530962099,0.165998368697624,-0.0969973495477213
1.78887636853125,0.877868653498237,1.51148544946437,-0.299452155737355,-0.133695938900094,0.591939052961063
0.276894415237659,0.144907580929694,-0.736698029546592,-0.0591964877766408,-0.259529502602057,-0.572330950694634
-3.232963777126,-2.3503611531844,-0.293840333107709,1.07213016955391,-0.191876035739497,0.289167702323519
1.09486791286778,2.62751665022585,0.791520323161222,1.8082086111131,0.565158768466757,0.462693553961226
0.389877778873417,4.49906270065245,1.1899415725514,-0.803961406379125,0.10716185620116,0.01435799937612
-1.61016068661431,-2.68957801240802,-1.65819190604501,-1.74262052464768,-0.885083484027255,0.108131118952323
-0.216866593940332,-2.29267964871761,-1.6501015573761,-2.38143591704844,-1.39745007638237,-0.49762120746799
-0.501011026424296,2.47757570028836,-0.345517588838884,0.704340513834094,0.283027065086512,-0.311041266174782
3.39271915908929,-4.57606490512864,-0.996421100824924,-0.315527156897567,0.319756544336612,0.392671098911133
-0.687387184833695,0.47970134277511,-0.950290053617824,0.573753547489325,0.199069804732216,-0.0485299770849713
0.135305865150834,-0.410154239652389,-0.148670936433177,0.480041895765493,0.0283501756652632,0.00310181292463008
-1.29885232806937,-0.797149976191281,-0.116728734240304,0.052786583860052,-0.0560198296239759,0.545120626974345
-0.973562701404185,3.00124908865315,-1.19365644372606,1.78019933068306,0.186867584222161,-0.273242089836131
0.605236724083774,-3.59065662258691,0.519539648887718,1.36069879149867,-0.0199121174930974,0.184280140315147
-0.48309736182708,-0.652185546224774,0.799745209012205,-0.291515797979512,0.25482510883545,-0.158844720119664
-0.961773565278986,-3.06087855795613,-0.563635249889393,0.228280727073931,-1.27219480783054,0.0201173646653723
-1.98011897272727,2.32695199928065,0.848372945543927,0.414796676478319,0.102519966781514,-0.207916331490446
-0.560311634956496,-4.48755139534217,1.24874080499137,-0.113524378903622,0.585180289148758,0.0683158581375624
1.26380926941156,-0.780472556443728,0.74301776957669,-0.395257928033428,-0.16111958590993,0.309883109631028
-2.47527801380466,-0.276852551527777,-0.479636577952803,-1.43324272825768,-0.251867834483691,-0.0355228903704339
3.52242556234543,3.29417969245925,0.32798724143078,1.00244626508223,-0.191418302282899,0.373217015189665
-0.0472765279206666,1.11892030352792,0.755924471755335,0.387040460126556,0.10800095343625,0.0408160832386224
0.39913813251607,4.77304913967901,-0.324451280616776,-0.0471650124599785,-0.307276917582532,-0.273990920633026
2.68964940016107,4.90014755565515,2.5487203656454,2.55173831986508,1.29466526819662,0.501541955768223
0.0720201566045663,-0.0949202177265732,0.0476687830077907,-0.727700515988617,-0.2729480937741,0.00380160735315972
1.64626338562928,1.39432432232996,-1.15962971190784,0.0527895402935721,0.207809150854975,-0.716080477460821
-3.39935783530975,-3.66752791177329,-0.866210495594429,-0.345988931597606,-0.154170117477039,0.596774503986652
0.960209494953781,0.221485938452899,0.926671306906393,-0.160195443454545,-0.945093340283949,0.21884116344255
4.95836907597444,3.37717964223534,0.742670989127451,1.39188796280825,0.576592478730807,0.0101466000328871
0.801318946929936,-0.484390956923806,-0.747488996600086,2.16562761461373,0.932496915983647,0.258344011841349
0.429597870352298,1.07421254876642,-0.0653740970023795,-1.53854824611211,0.0440863601974568,0.1780511410086
-3.62504143572172,-1.51098114774325,-1.85029643645114,2.0176027473395,0.0101070504436489,0.495311894926109
-1.82027356158113,-0.565484295433265,-0.022013190020021,1.01953177661663,0.081231097374722,0.0334614450050126
-0.0979169614957513,-1.10606367931665,-0.278993803765744,-2.35004810932007,-0.285729361199783,-0.189886950810647
-0.809349783926327,-1.28734319285497,-0.365086629442686,0.037962352945462,-0.084377759191385,-0.407797469583229
2.25678965549221,0.516255672639848,0.659140516008303,-0.244064196886898,0.166683630866967,-0.191251270793197
1.62806264399863,1.37633988330469,-0.0762992578045341,1.90424194038084,1.01193096346244,-0.295689724414267
0.152566386697596,2.06153314863353,1.3015510406701,-0.925262672948646,-0.394210534287346,-0.215963592970253
2.90238394695389,-1.46424435865389,-0.586979829841725,-1.1406293913831,-0.136637113027103,-0.171548074159998
0.746926916736216,3.621624049468,0.295927669278961,-0.739295580043816,0.00571130395598719,0.110294730972934
-0.341207285749594,2.35360137565372,-1.13567384703837,1.72864631568085,-0.160113385055926,-0.370002743650092
-1.00266005768914,-0.360941644344801,-0.267441070038668,0.16239621937002,-0.759277195566081,-0.0845646602739843
1.08513342400611,-0.258011134628304,0.884477554438979,-3.26731549895906,-0.398370062691116,-0.289894500963078
-1.00859598722012,1.65655682695765,0.703130928845668,0.178273776313233,-0.0507571883391113,0.0811867592762452
1.57082554044085,-0.00533583406042099,1.3889926482317,-1.74761630728128,0.357860612744401,-0.51734960680731
0.600840793500213,-1.63763114198767,0.010924026576243,0.677808778042771,-0.343859041017618,0.130709176868017
2.61584162515562,-0.47733157913281,0.274236256466864,2.85225639649037,0.336280664502576,-0.0678541751797595
1.59406058800486,-2.79737075090266,1.05837930194082,-0.772070868751728,-0.0993214868533339,-0.129677976161133
1.69872961289136,-3.82255428656803,-0.568046972969555,-0.171036477996115,0.14879305082903,-0.25494218431826
-0.885576540431355,3.99590134014745,-0.370285935437584,0.484582265089889,-0.283346358569584,0.168987370467279
-0.891978905651689,0.271509532634293,-0.467261263132706,0.279653008082954,-0.254922885890173,-0.0572780288500973
0.0265633087010977,-1.04080944840847,0.876053759650816,-0.585623490816757,0.367662917435426,-0.579983684322196
-2.86724253678394,-0.905497697402014,-0.245610452286956,0.0271635713025807,-0.845993805064583,0.417759578575121
-1.25630708603622,-0.688236863349628,0.295029449270792,-0.68505628119404,-0.0412491461344048,0.256198360804545
0.48618741260457,0.326308931916091,-0.515203162588093,0.525277455802301,-0.056752122083548,-0.0712088442253838
2.11300371655704,2.21662867871029,-0.407298630380202,0.995238207151427,0.420926368222097,0.256962030195026
1.65977496802412,1.28663353814269,-0.668778142360717,-0.845824301566947,-1.15501770613766,0.167917450478705
0.210053752041169,0.766587271515923,-0.294256981681687,0.142606287690593,0.326394021884179,-0.433784492687482
-3.47730306865682,-4.89519198993942,-0.189668029224027,1.26312645424585,0.143537073225053,0.10296860341114
1.28822557435067,0.276086766310276,0.805407987127643,-1.26899967498747,0.0521471615410692,-0.50404748970557
0.193867072321044,-0.892569585962261,0.114865313387288,-2.03201266127837,0.0385539884561657,-0.0596206404563084
-0.153197626139517,1.23494863046592,0.405392385672732,-3.63713872373215,-0.501880598654845,-0.288313993516037
1.9804140799683,-1.33642119464001,-1.97367166225407,1.21439305062301,-0.305202680066717,-0.0108174852393314
-1.71548076336195,-2.14783376915883,-1.1195130163039,-0.697594967397799,-0.182942448311564,-0.552952151617709
-0.562169462581289,-1.17271057550184,-0.426697068910679,1.32920278840809,0.402725996242315,-0.554630949597211
4.12523049740011,0.412093120816592,1.55668150407196,-0.618643588497249,0.340445350681622,0.651394062638308
-1.22095599624045,-1.69458539498952,-0.905799648754658,1.41711396023972,0.0107812940613379,0.390724570353932
0.630116089272643,3.00974186398618,-1.16988226624551,1.2314983174926,-0.290886229180244,-0.452776920649285
1.31826544644089,6.64841938669659,-0.0438512131161238,-0.626009085650194,0.295198305314644,-0.112329559370628
-3.43835028528603,2.79033602161973,0.561017590496774,-0.578581934461056,0.234467354711928,0.061726383279479
-4.26174766210279,-2.0968882802349,-2.33390807100993,0.182438192991385,-0.605950846021699,-0.265245983563664
0.137648812961853,-1.14270808141292,0.813674973565683,0.89072230186468,-0.0119635393419092,0.401555738862312
1.7325925941118,1.46035237840954,0.544966297430921,0.688620456170983,-0.13661920971281,0.213037805973655
-4.57203754047254,-1.19694230468217,-0.409852430402547,0.23930739278261,0.088816224147018,-0.441279756086092
-0.299852571431667,1.27363911797577,1.02670223076958,0.771351240276623,0.184044148317117,-0.0535270884704234
-0.536618663455913,-1.67541943088166,1.77977342109378,0.797389390273968,-0.0299909779865738,-0.0463915576543157
3.57636652298668,3.16058434370871,0.718254675927475,-1.10474447628041,0.418545947839171,0.757827842798116
1.34217267573854,-0.997549727289368,0.403378910894272,-0.0436836788289319,0.136624348881932,0.0533822448223108
-0.417866459082198,-2.70609237965404,-1.49206079683263,-0.838356315287589,0.567215073218006,0.0884482979002752
0.0243221837540401,-0.179207838825446,-0.395827137821184,1.20002024899949,0.31841119181376,0.199388768409781
3.06284042829917,4.66367931687913,1.63801126399838,0.73708013081862,0.62903945641828,-0.189804813980797
0.154311907759036,-1.83005939817579,-1.79050971057776,-1.43548211763167,-0.538755112628815,-0.33290757196023
0.156599312592691,-2.03364348468476,-1.07484713158388,1.95292356701561,0.112632990633112,0.123098479656602
-1.55578259135395,-3.13841687244728,0.925488357383155,-1.67337668366506,0.196758178167984,-0.228782898997654
0.332533784719717,-0.0686937279678845,0.620358025756223,-1.11299870752536,0.0384388484063359,0.608352290672895
0.529716371544669,1.72406128835276,0.578346060037814,-0.821211997798569,-0.160680343243322,0.171108063745831
1.7784298142559,0.218974777004225,-0.204287484193546,3.34699979257462,0.18313453274303,0.5082517019855
-0.934131843018405,1.45851155914278,1.32681944829157,0.506393599099818,-0.405306760411492,-0.229060269056003
1.51408299218037,2.41870970264255,-0.351206843313291,-0.591612288497567,1.14022493406754,0.152071214878914
-1.28121664425869,0.84961089936029,-1.90454208429171,-0.256549754132773,-0.104386565554854,-0.130800534220877
1.25313702011738,5.42357486273924,1.58223786233661,0.338912936814085,-0.249541613398445,0.33007294987866
0.49578723085304,2.48375926830389,-1.29737906563796,-0.273166937764777,-0.0421946618091264,0.0392304106022056
-1.39769046551606,3.35977518310945,-1.24532277389086,-0.256375324020894,-0.376516973849942,0.203831131694926
-1.13280842830799,-0.824867217577301,-0.468881125857044,-1.14437944335579,-0.318129150374569,-0.054316257951904
-0.521868902241242,-1.07326781208344,-0.917003446582026,-0.661177369495447,-0.207589231315084,-0.159242825291632
-2.1240299056208,-2.09449505483469,-1.09083170247761,-1.57591301212517,-0.542057244561176,0.458377428168665
-0.212363361164954,0.922529825502075,-0.159137341699977,1.41673764928983,0.270836656867718,0.44724549006006
1.5394966075409,2.15352377271474,1.52526259013569,0.315339865257869,0.233587993132247,0.995536650599291
5.48514838563386,3.54095556635609,0.879782408348142,-0.573945730233714,0.100122134945804,-0.130634142374848
-0.167574435350745,1.85332866132726,-2.06362237774401,1.03213928400874,0.685806354598513,0.00556807295246315
1.08522431657433,-0.80018957193479,1.48625715293893,-0.357680292131021,0.048776575347449,-0.0274084907230645
1.50307568241069,1.84661187210762,1.24340316194276,1.7755907595863,0.609243031434935,0.133134505182372
-1.61450530204815,-0.0481183797249546,-0.171775467907516,0.111479169631912,0.016062021394314,-0.393319040490412
1.99872018445702,-1.42068328357781,-2.28503701755124,-0.62092157807416,-0.0144207720262996,-0.0946502746146247
0.910501723202413,1.03081044856535,1.21298284836398,-1.6354194044634,0.290853619176835,-0.0248840221592928
-2.86345840260557,0.0752086516735063,-1.04417911827534,1.88257490390915,0.377409983485713,0.0734150174157346
-0.52967693399619,-0.0309158190877838,1.4468785900086,-1.85794564264119,-0.728469663142575,0.418536235014362
1.28128214067083,2.41933761954077,1.17709924812959,0.324808726546582,0.247015504888768,-0.465036253505653
-0.828583020526408,-1.00731805707597,0.271466422158985,-0.438062543650127,-0.979841552110252,-0.524369475975305
-0.917535680416658,1.61056658064231,0.129741985817187,-1.86625813660435,0.0402965610753867,0.504525803009384
-1.58220196054242,1.22403775730313,1.36393664359686,-0.82596165579036,0.111869388263137,-0.157019013736437
-2.31300533756859,1.50142964625482,-1.36687902825151,-0.308981244370637,0.328472334864163,-0.358146156801454
1.4192808109147,1.70304717717429,-0.209659923156067,-1.56020300102867,-0.84331493277175,-0.0775321124337261
2.53074715745079,2.86554358382896,0.694502765476954,-0.284368233102315,-0.299145480566602,0.346980596679662
-0.28579885345482,1.67083553170621,0.572855958571754,0.907423244770084,0.571426363872574,0.0793025911662729
-1.02824719075339,-1.58018091794275,0.0711947329478694,-0.664071398243049,-0.417730212997671,0.227253727565404
2.96056915578599,1.78197840038286,1.08115151318966,-0.118853933401366,-0.0218032506386261,-0.138497773748892
-0.324606226602625,0.384487583032334,0.255440015848521,-0.884826644263877,0.148074931323766,0.567835665698216
0.0832717171397875,-2.51094885889064,-1.32120507551546,-1.07426348690351,-0.493426963905674,-0.308624084814144
0.964381630058686,0.745299644087784,-0.951608684426112,0.192189598073794,0.253572805721583,0.154195497571334
-2.35610552413238,0.300884382554435,-0.516892470505487,-0.966102202303031,-0.784362800598744,-0.591833388891944
-1.3248146360869,3.87091096943537,1.04268044416836,2.00351335348906,-0.0956298783461019,-0.213853545595186
-1.26706863012785,-2.03676821975808,-0.325957055320478,0.13958954375402,0.478510831595549,-0.00362860679375976
-1.40145826031752,-0.930373473528664,-0.0184535246745395,-1.57585894812168,-0.625121480405983,0.313829922108661
1.1516727978841,1.28582041344403,-0.462574131063336,0.515628430830764,-0.110678341382658,-0.0566713536704604
-4.21873205226862,0.061884327268757,0.104916341685471,1.2474699203908,-0.360497892626555,0.411384001115353
0.520902118204403,1.14443243049138,-0.609238957058794,-2.02548264442144,-0.253460241993503,-0.800999278595711
2.29022157072124,2.87150716314762,-1.21077829484354,0.0616766533871011,-0.0110833887948682,0.132561883005308
0.0295352889547749,2.32962692905737,1.4609714942101,0.562762298566627,0.426502393509445,0.139050288452615
-0.622382545604484,-3.46500406268405,-0.556870389188259,0.414234588616357,0.228365761082316,0.0719340369129765
-1.90903063858759,1.69242599035406,-1.19419057953708,2.26176860462024,0.541314549177965,0.266649291314433
0.945163196255842,1.48019221797865,0.712048167356466,0.634050374544617,-0.187585279147551,-0.362150888283733
-3.02240605903641,-2.41637868034732,-0.743614565914705,1.92196228282565,-0.0417995405883486,0.173573593187061
0.327984453432565,0.609693892101356,0.0592519826837929,-0.934458320417175,-0.709814936023753,-0.831434943858042
-1.73866884651704,-1.21027654654719,-0.908746244164015,-1.80763272056532,-0.0471682418310702,-0.477568990457875
3.18105652357349,2.8836105514953,0.711959647016605,-0.750898639186622,0.193701512686918,-0.316313059371802
1.29092188451983,-0.939982316880142,-0.200243749696896,-0.254578578358237,-0.112297708563626,0.00204288498312555
0.713483010999409,1.59662130991712,-0.153963477055162,0.0306704767801725,0.0670034552455757,0.328510434310313
0.204426156068048,0.220580352213088,-1.8461492860052,-0.956734769628294,-0.193903631149409,-0.529638567702739
-1.34815970028891,0.666141213790159,0.0088394402009591,0.837850327385871,0.132969695286927,-0.228561537772661
1.94075261120867,2.35936100153513,0.155958232430449,1.41192972623131,-0.133903101947038,0.196301879849608
1.50908254226758,0.739535608897412,0.641932140649599,-0.0648142089728246,-0.0880451560322874,-0.199892620862102
-0.855065576582217,1.63784007009263,-0.0121902421340809,-0.912265275809191,0.571040953044653,-0.0953785793189122
-1.42533967250797,-1.77441859458761,-1.51763072069402,-3.95222443156608,-0.276009645497054,0.0801391826891626
-0.380098821974179,-1.8168023093041,-1.53477626279579,-0.62265540919182,-0.184844450893993,0.348233335495938
0.798323869329335,5.01732649944064,0.771249709416399,-0.580886056298793,0.545485156750732,0.380078307252346
-1.95225214341926,-0.661260830169779,-0.93088364031674,1.03199737296805,-0.425887582809691,-0.0398450314459025
0.366827878502951,1.42511273770377,-1.13340788489192,0.91949852233222,-0.034955022761266,-0.670088882930905
-4.29306148494714,-2.71836472215911,-1.06021570005002,-0.316720346377026,0.010409414904389,-0.198017900255094
-1.24374296693315,-1.26239177041244,-1.076250114955,-0.777977934275547,-0.737744362906616,0.341213639679556
-1.52818767342809,-1.91764224379255,-1.00201378700595,-0.0678533119400356,0.502899974068532,-0.00462888966018749
0.926986523717156,-0.272772543739015,0.0178275073013575,0.310443812337797,-0.140766470371989,0.184844702346871
1.04272821574093,2.12877968710726,0.124225554351717,-1.31912527376987,0.176519426610918,-0.0354435638394342
0.0195530891825871,-1.28579424503447,-3.10107419291909,-2.18962382869585,-0.261342242885262,-0.0544968283846135
-0.879503690220201,-0.421732094180548,0.783065437876744,-0.737263475937833,0.862694726906042,0.543865022234659
2.39476217547929,2.44337912633766,1.6979706895389,1.09316029122425,-0.375459334741791,-0.165185119122504
-0.23452400953427,1.17448256038328,1.20554431666155,0.258395134151307,0.466886021037053,0.0479726992432616
0.0762852454483045,-3.99184835488287,-2.13488025339175,-0.124044061035759,-0.341885337495063,-0.307392361669513
2.38541083782089,2.00219980886841,0.109576072579754,1.69500229434761,0.240268026389812,-0.264983312546256
0.686707493366015,-3.71630678085908,0.748666980581655,-1.34786236601092,0.000653666353609417,-0.339217057444678
-0.656989068728132,0.763700114779196,-0.018050226157169,1.16602271237009,0.395933385100902,-0.19479445859072
3.33584181003905,4.60808510821195,1.68104849355584,1.96476398291985,0.457213922173612,0.2291768376788
-1.83288890462297,1.23427706805508,-1.27157814301094,0.621819891591223,0.19584352784185,0.0149822029794001
-0.175305964164104,-2.28089931420316,-0.0911223575080254,0.413629346572249,1.06393473191003,0.87995623822662
2.63594585016314,0.192174989333477,0.720928920022527,0.177644608816017,-0.505648458070671,-0.402597874310737
3.4554875552826,2.73655846976523,1.77594029781443,1.54287574106962,-0.390328659849964,0.264651535733957
4.31758939046674,-3.54957083786535,1.11561386105984,0.106438542607773,0.0781404191896939,0.0683023221448473
-0.630354977953387,0.327754450481747,0.134834589597179,1.45394743682904,0.777025698431288,-0.0976752769164051
-1.14817041589611,-4.73903228347389,-1.17042451093936,-2.1681263530256,-0.658143657553463,-0.491674330440223
-2.80776872189355,-0.802766775880393,-1.46245613194884,-3.77105916620602,-1.20396847878427,-0.394650063131108
4.52774687929888,0.220945455355535,0.441946357357656,-0.280715051989871,0.390709791929512,-0.104469072388226
-1.53899786435896,0.0904829511434346,0.747045220067727,2.38463026581486,0.479210383720958,0.324100327572223
0.759294366233714,0.764043627790066,-0.435147789104589,1.04227996489548,0.852071714103425,0.120410941765221
1.20814614275695,2.16412450305779,0.076432984379245,-0.605378296348618,-0.574137970202108,-0.145658886738079
2.03576353434402,-0.453224459563536,0.0494513294337644,1.17399017406346,0.287155781888345,0.239901311935061
0.948216391155027,-0.294344604412147,0.452956493208332,0.643449196622228,0.567726292877717,0.364861772497966
-4.36420802502559,3.36314402245013,-1.43021305943545,2.31846216275109,-0.613256596916406,-0.406247375413103
1.86310362837354,2.19331330534993,0.959429820082518,1.34720937888882,1.10564447387518,0.00842414816520962
0.949199414336253,-1.37604849766412,-0.258241043702465,-0.398670868267567,-0.530749532867387,-0.000887537364833185
0.779191136437935,1.47722832567262,0.449691679274714,-1.08266265902969,0.227089799054218,-0.189013261056513
-1.45209932617259,-0.430008400008878,-0.278648567459894,0.123737663232123,0.101111395239589,0.0723750461756138
1.96964358628606,1.62284108587793,-1.05259014793637,1.04292923000466,0.630418879637835,0.471578258921452
2.84296107845198,-1.22609167945055,-0.466207026419152,2.26935730397967,0.214629058340776,-0.0968361745251767
0.967756916700264,-3.86092497223662,-0.334206586599011,0.471629821571211,-0.0662049888985542,-0.311470492516613
0.697245125502681,-2.17762832276083,0.450537140070077,-0.0758317931704958,0.800195723726823,-0.305934510935758
1.71722466928364,-0.530469729303658,0.831662462364337,-0.400823724456754,0.209203647979539,-0.174686766543578
0.807799849031208,-2.08795701816249,-1.05564954979979,-0.243867196191833,0.271939856415467,-0.368242079445399
0.732799469429911,3.67045773956665,0.173167787294348,0.435568151756488,0.245261250075652,-0.0335564746247266
-3.03305724321978,-1.73484391841797,-1.20434573726149,0.138200022184924,0.0423894688373869,-0.322579539160848
3.09415821655923,0.785281663195715,-0.154828243036666,2.25454644681631,0.557070951197974,0.360843372559583
0.998004762748355,-1.08755999355925,-0.610371790113317,1.1932518512822,-0.242959233613155,-0.264423892456581
0.920125470718492,-1.13990396645695,-0.88878725270461,-1.6998003072399,-0.831599212960823,0.388651676095147
4.14611904031508,1.67871821922061,-0.0119063144915682,-0.687253511814273,0.37503592479727,-0.805375143361449
-0.614219563015401,0.661236547027912,0.87370607768806,-0.707999470832344,-0.200160267696427,0.311997386851279
1.90139364058786,2.72723076988185,1.57036077737658,0.599779913947764,0.262269303852365,-0.356994743273888
1.06370352975923,-1.14517499087237,1.20847760538684,1.08474908741329,0.0767804047075217,0.583131202319632
-0.190759511766844,1.70603634136898,1.24005032540075,0.272902884159599,-0.491886171119502,-0.205156558628712
-0.283627322627246,-2.88989736267453,-0.340051097927969,1.52385251779967,0.368880128178072,-0.159267879546319
-2.36189240821353,-0.0937254900224953,0.350141678672251,1.5089865113142,-0.378428946453599,-0.103203989778184
1.08871971216353,0.715514929578973,0.125282254159004,-1.33913395502915,-0.225603227389366,0.0588919653886686
-5.15463418279663,-1.90150785696184,-0.910021622061527,-1.73679396632901,-0.683813645086509,-0.178859992164326
1.55506178082886,1.51069599940808,-0.647075016265656,2.48693356020159,-0.0573184015583497,-0.369354112561343
0.584850752266255,1.99566989424366,1.30607352194573,0.0471944071018999,0.898057995684153,0.336144428822517
-0.173110982689571,0.18928853193906,-0.40532109268972,-0.649220553423667,0.256073011904166,-0.25428751245129
-2.92756389645596,1.00899776793719,-1.03439755626157,1.62732184414294,-0.0355108474689647,-0.150943469374397
-2.16255090059393,0.381873568162488,-0.472383729155285,0.735240022393913,-0.22047507647055,-0.0374034781363251
2.1117561808812,-0.476649359072786,0.423585575160355,-1.36624207220479,0.101145957634244,0.347308516236915
-0.719374866884202,1.34034920708713,-1.04245668532668,-0.70968643395223,-0.345217695460074,0.169290922482055
0.699954991909729,1.71474480163383,1.65316000747914,-0.767253975817147,0.657879759667553,-0.0368553540800239
0.0564159705217287,-1.17341873221761,2.78712279187308,0.301480470791357,0.657972484629951,0.115857549753175
0.944433486154769,1.55240297035225,1.55402584144745,0.594958548434576,0.687514948992093,0.334613412249763
-1.83507809941567,-4.347904985407,0.535248385005531,-0.46192941100966,-0.268849193453031,-0.382466672933224
-0.750325637796166,0.0537287178637643,-0.0611047150354969,0.949916888641946,-0.0204081333451504,0.142768850270943
-3.61929437843009,-0.617682243224205,0.599313408006137,-0.439294608216467,-0.454200848775317,-0.379334110442939
0.576185826979133,0.417843888790252,-0.397833820012234,-2.90874780959197,-1.44200986764293,-0.340822883595975
-0.378578530447883,-4.17735454898852,0.209144047994043,-1.93518436973215,-0.475814343853235,0.207904475274169
0.0356576375318771,-0.743618673097982,0.2580893842027,0.28674432967727,0.418072418361688,-0.119511692164635
1.29857384958127,-1.61774823048307,-1.1114020691721,-2.31601743384167,-0.389320527444656,-0.289400777185228
0.619419246662595,-2.09513697851311,0.819767603505465,-0.575855060012365,-0.0888933725252762,-0.0372053254736908
3.33084910573179,1.04571105816742,-0.224957051774696,3.27311783069482,0.338054755214328,-0.0183361328629217
1.34286444144663,1.22435838252373,-0.100588802865851,1.78050514393782,-0.0324694345992843,0.421567877675078
-0.554060341190362,-1.26163483824337,0.54070444375574,-0.960011798390491,-0.267344951491093,-0.238499413626417
-0.291539417403694,-1.67360991518469,0.617882947791045,0.47800890147324,0.183444492440032,0.526357611551863
3.39688215483071,-4.13406529460391,-0.851063357590609,1.29041511010005,-0.161928763866058,-0.244470453650404
0.941058667906457,0.433763644061582,0.699857212452687,0.566934869018074,0.524400060480907,0.118268108161785
1.16135514781339,1.868768017896,0.2538626136797,1.25100183615697,0.0419718706246757,-0.283254638050939
1.32969994736543,0.146239258818119,-0.499587873984358,1.64931801028135,0.0198665308223383,0.556171530283372
-1.5550661623593,-1.45895833641744,-2.80145239107695,-1.8595993229095,-0.494344029650633,-0.38506125166601
2.32255994173839,2.54274700117068,0.469365457921976,0.0873581928609264,-0.00687742242446873,-0.635062957570455
-3.92218189104817,-4.9356410848882,-1.77842272954936,-1.85969346788682,-0.141874741043467,0.430087168267148
1.53563726056423,-0.158291567589827,0.167653197851765,0.914633333741539,-0.243991029967285,0.55271779421984
4.51159959246798,0.741060159583067,0.801916798506704,0.477511427863344,0.461394387381227,0.277902861637049
-0.952866696984958,-0.242810524097726,0.53249396414743,-1.30534575259168,-0.555466144162492,-0.0347868389839111
-0.204800388281802,2.32720121279664,0.429971512163504,-1.54624143430508,0.14070432771219,-0.358292548406867
0.736096173836438,-0.891957207521462,-0.597649661554691,-1.03643211683247,-0.0636151583306889,0.0442096208329208
-1.06898363396396,0.87977895291326,0.202178256718327,-0.897569483705113,-0.732095443550073,-0.0165454578250187
1.0114228863117,1.68320299937313,-0.0598742715707496,-0.727475759603221,-0.394010039790085,0.23739003326569
-0.300584900649287,-0.067445009033381,-0.212247801900099,-0.327383333838138,0.163460794715043,0.152824297093316
1.80530817779276,0.13254653081832,0.338885997712056,1.1480805839789,0.242972813955699,-0.191894782612851
4.47619023228577,2.85588131033467,1.05521056175003,-0.283066418972056,0.0668396702754601,0.265837102746319
-2.38604423897272,-0.779029298263058,0.79492854849507,1.48124186476714,-0.104188332134217,0.051203681591165
-0.83557378537421,-3.88252572880325,-1.37465399653717,0.0053120356033744,0.144184404652169,-0.292337764867233
1.59369647801326,-3.18038895257429,1.00197960092972,-0.197166983079081,-0.432890250709732,-0.210744607526091
0.994592965968399,-0.217352770262576,1.71589836301347,0.630883228667242,-0.101707149037816,-0.211614629051868
0.238700123999162,-0.0498803354651079,-0.602433387313525,-1.15590343888409,-0.175775347318626,-0.0093478116802895
-0.73311451037003,1.77936436983038,-0.313571886817381,-0.556484669965472,-0.645040121366574,0.0125069784011749
0.523739925441081,-1.79585175295724,-0.910543357352247,-0.29331489046256,-0.248625686100346,-0.217072500186022
0.524484694010455,0.928565428611571,0.767871637625143,0.10935930341418,-0.0377548069127195,0.255180381546015
1.27922519141881,0.820927913056579,-0.973011334109413,-0.663256091347355,-0.828701976200498,-0.280880717608246
0.613100064697631,-1.76875364481343,0.849078939913793,0.610565495878183,-0.367524724185032,-0.000228443777047151
-0.0661423327127523,2.9982516306795,-0.329805605017832,1.61180857228002,0.0934943294213092,0.0186432049141984
-2.74466801724159,-1.51526127891634,-1.25013534880179,-1.41460370839766,0.30822011101864,-0.0601692295625353
1.25372256879287,-3.05181801372381,0.280444803354738,-0.525629687873653,0.0997811420057982,0.655440201163392
0.00428036464664847,-2.96219037030219,-0.780257977236604,0.747268767269716,0.132961151217643,-0.355686414449953
0.567755694658774,-0.263834625186565,0.292383622794757,-0.193938410684966,-0.306808116980013,0.0343839634248862
-2.00003634451125,1.71618712295771,1.51329132413015,0.819731278846931,0.564389873561734,0.153269215093556
-1.23227396826231,0.903598922901301,0.114698257907165,0.901932174925321,0.27695900079302,0.572622076304703
1.65347690127196,-0.0560765288332021,1.65917812503951,1.77677439285125,0.959657325764947,0.290866988542499
-0.16933910517248,-3.57172263087489,-0.18048265104274,-1.34872786393773,0.248316001145601,0.409191067376503
-0.867911544087686,-2.321110486013,0.815821972183373,-0.903044257700842,0.298572786812801,0.100274694092064
-2.40543489128514,-1.35789784925644,0.286053677235297,0.0530467176252341,-0.416212204412198,-0.0244269280275983
-2.03778546017634,-1.65883487899726,-0.0732634570444649,-1.03974003483896,-0.124630183787382,-0.10791231892337
-1.93904397835205,-2.08802800125164,-1.5214100908508,-1.02853733675796,-0.12366048661265,-0.443583460266777
-0.321261021614891,0.288202198056524,-0.915939808558664,1.24026232330281,0.256994684214375,-0.436687911027219
2.40513890390858,-1.62342998427677,-2.5442998512962,-0.960487542712861,-0.861260687373641,-0.125509561621143
0.133257782095242,-3.24285260659787,-0.225021231266028,1.0679418972871,-0.0749446393521995,-0.512796607469367
-1.7618130225313,-2.50939682981371,-0.745276893675539,1.4220405853279,0.599438718817166,0.0295029955661129
-0.0397694466594508,-1.40256396034175,0.204584299217424,-0.0439845722495711,-0.100484976961768,-0.0734495139628562
0.654879794029586,1.02298019906834,0.123014405564855,2.40592790134675,0.659482592606495,0.424925966635737
-1.85798554015927,-2.83048958951399,0.0658933907787386,-1.74066588456414,-0.299613222783816,-0.393997086007701
-2.25885236383082,-3.84416811551443,-0.565014576679415,-1.7988728428809,-0.827470427108212,-0.610853601339921
2.16864205531505,1.13466645927156,-0.365228812106861,-1.70337548490119,0.282532224702533,-0.304563181853692
1.02667634858075,-3.69269884554611,1.3181046041365,0.70153834490631,0.496897414152926,0.104962244207928
0.585306106551815,2.15317525748898,-0.758474510026291,-0.548563756455856,-0.0282510972424148,0.0673946966085707
-1.1233316065568,-1.00045273592349,0.091534851747437,-0.0557557493436286,0.0459136153427056,-0.199954801559286
0.413557222072425,-0.331953038054027,-0.947551912828463,-0.60452318289769,0.47866159135467,-0.213716988948976
2.45183751834922,1.59989976768428,0.475070766105482,-0.88185089431818,0.0647335317475796,0.155609446729396
-0.858513397849906,-0.652373605375955,-0.258153195260989,1.45294540817586,0.340625068702216,0.160896962854085
2.6591342818568,0.263080951798822,-0.109593350812679,-0.0498768590660336,0.750473596309261,-0.0390214482911369
-1.52385099041974,-0.999323471512313,0.704263719713182,-2.9957006773312,-0.273326400670646,-0.493127609654677
2.46030535579378,-0.367664139620088,-0.402260079391714,1.06105217702863,0.67817960511957,-0.348380900574748
1.21597613540603,-0.511247627264023,0.0886158251626463,0.896799718462636,-0.0813377392339348,-0.375107652762203
-1.64218846769434,0.155986388973314,-0.726683563576627,0.253820618660901,-0.358146127312491,-0.0763768816782187
-0.0951292016497999,-1.60827450974333,-0.642507733026318,1.22652468839838,0.63378711998087,0.486084153592654
0.340755990319928,1.15589119026743,0.0952996717161782,0.3738117991068,-0.939006846774934,0.31381246640579
-2.4458358240139,3.06660349394431,-0.107473063947135,2.84864877566294,0.42538915860689,0.160695457414682
0.773304071223337,3.43235689418143,3.18523447412819,-0.539621343564026,0.793920936926683,-0.511509287175224
0.979610575353635,0.0323315821183196,-0.758967195215329,0.860632253967079,0.0422057344641664,0.207759427696743
4.47038035609969,-1.82416233266165,1.34090063805117,-0.344003652249267,-0.0107350960962054,0.0585011811680637
1.78128798004769,-1.01141253117988,0.370212237144388,-1.01434364644549,-0.0495762336094436,-0.511966127657281
1.59505646131119,-1.71343081091577,-0.481966961573258,0.158907116804939,-0.0398635774381595,-0.209367872869968
3.86408134660851,-0.311709918975614,0.656831798317433,-1.30861786281225,-0.212923936500123,0.0552905595376009
0.787113784796483,2.06145351936895,0.171566381744571,0.145170901771583,1.31331623658767,0.382282917629744
1.26281931299101,-0.320697575653599,-0.487095744815303,-1.5938712813693,0.314811971441559,0.0638482661435612
0.204821538406693,1.25358528489839,0.616974845549661,0.369847846013447,0.0691140294487847,-0.149086192572544
2.01687052551858,0.295953163184931,1.36982813629462,0.761302059320089,1.17379205014569,0.488604823037109
2.42508647948786,2.35003491411215,-0.560052459171418,1.15044507104835,0.704682897483526,-0.117365748053126
0.999980469043583,2.49867736588166,-1.31408548975476,-1.2923548342378,-0.586837503866448,-0.32810209621935
-1.81573860048627,1.13261725648114,-0.754341234247552,0.523193781525448,-0.634906651043322,-0.00177876310136768
-4.3866925761236,-1.936167818002,0.542165634149034,-0.745343733799164,-0.326536300323875,-0.473916319908896
0.875548906063618,4.01095840729648,0.326699132305474,0.380570395155425,-0.644395082444217,0.456580301072352
-2.05521067726736,1.99527814224694,0.513904596469435,1.24947214885802,1.1219677451323,0.580648411460942
1.42364932944144,-0.646919387092992,0.993526712573039,0.465968183301737,0.1604413222431,0.0139761084384591
2.05292212469583,-1.16003623003229,1.65034328724331,-1.90628227375816,0.204891520192551,-0.491681629981184
-1.13925934959582,3.41058367431108,1.16664186167068,0.217248572307778,-0.420196000053853,0.236970817109233
-0.866491574294883,-0.810415830023435,-0.132894229134472,-0.508384815077849,0.0550665340297723,0.320126270223126
2.00710066218002,1.79412855811376,0.160360909928611,1.27088777770927,0.82898797522833,0.191744628983181
2.40285848189839,-0.432962698176897,-1.66554038203122,-1.30370269823073,-0.751929568127455,0.477998135216751
2.98710545379392,0.266106435490306,0.0856824085734234,-0.679068354073158,-0.444668521091964,0.325484296930023
-0.312646331128508,-0.729342865787249,0.328569627611204,0.865729757014245,0.21283322574049,0.469996968720371
-1.8687703554415,-1.90078399174345,-1.34216102947189,-2.00916647978672,-0.0649948443189957,-0.916851293551605
0.703837916863424,-2.25529230574212,0.85054318266887,-0.869369043651432,-0.215987264055037,-0.0799498905482862
-2.56785560249088,-0.561993765137073,0.244029690644652,1.26693254984367,-0.183287229729301,0.152432813793209
-0.544087636034401,-0.639107399357857,-0.645000000846804,-3.18060366960605,0.174922530827305,-0.121724617564278
0.313278028192553,0.422458589945433,0.12401629470426,-1.021362106403,-0.313315884170893,-0.283031993699673
-1.76052565859032,-2.26469803880031,-0.168320754527196,1.15344769414677,-0.753831046711498,-0.296341106964785
-0.243367109965632,-2.52464823915564,-0.598178315765736,0.524013777942592,0.162985006520193,-0.0250224656016227
-1.70749464871599,-0.657061625762388,0.218591189181922,-0.77026167636242,0.506265284803321,-0.148330499337954
-2.00792175678636,2.32899294333323,-0.440746161252686,-1.51321069888435,-0.0533583560667223,-0.0618814169879791
-1.82469171492169,-3.46957642161984,-0.492494124505326,0.324192113365092,0.100778813867619,0.228365194501387
-4.14916113575253,-2.29924914576839,0.83679879952238,0.334902553422481,0.541926204671706,-0.42026174203755
-0.280799791970761,0.407078052619683,-0.758199754282629,-0.570697218543939,0.0668229769934204,0.130418327858707
2.5947063281973,4.17786398329747,0.11500064973461,0.0277132693324978,0.448177601616553,-0.0767822285156427
-0.0586343182748794,0.142604365758515,1.03447998735019,0.30263329532973,1.0499656454916,0.117481955234184
-4.46538066699327,-3.08999854029007,-0.754140285668169,0.18632177382444,-0.047183863039737,0.146987158172796
1.08814403971553,-1.24089864843987,0.780740777367757,0.802379558376231,-0.216896665121766,0.113787889693947
1.65876321864263,-0.263705284170419,0.223806682985782,-0.725770013405481,0.140293052384479,-0.482636016508001
-0.993409010192558,-4.1338130984518,-1.01024399458501,0.46735234999294,-0.635721879129464,-0.440001828178828
-1.1999418525462,-0.510572934252718,0.581246398666829,-0.382396764717224,-0.314022185979212,0.160171788254596
-1.0225949591462,-2.39310630115465,-0.480785694596054,0.877843064271206,0.315056119274877,0.54558329157724
-0.00984741937153185,1.35124924332322,-1.54862961250064,-2.79258256203478,-0.438030762626258,-0.142840682628072
-0.193954294798672,-0.788605557678474,1.13094535108754,0.43832034264972,0.681375588831582,-0.0169875788540916
-0.0479862963472537,-0.578590515212617,-1.90382168919367,-0.492287907339089,0.0990120465217497,0.190506588799507
-0.254332825143935,-1.38166646142173,-0.478403861762385,1.02967361914795,0.0529041143238329,-0.0333770222953458
-0.263307587144848,-1.12158313971377,-1.53162943605108,0.760786907904742,-0.120153956020635,-0.105315628593942
0.905889346706179,-2.49941703540678,0.0262606133432235,-0.734621094634344,-0.11509836308325,-0.716340369416732
-2.80772759184032,1.18453605830823,-0.340980896766043,-1.13798102892061,-0.400150290137066,-0.586491451330791
0.421120031238807,1.04443848647092,0.955166030128574,-1.03384513750595,-0.0325204340272974,-0.237562807109953
1.50202728621781,1.01273962017023,-1.62346188640813,-2.51786221175665,0.195871811701218,0.0904065572971394
0.276272610023475,-2.48377835613676,0.344774404042269,0.831253191924449,0.00634869733777765,-0.243413038245246
0.318798657925698,2.06300363044212,1.39565408755819,1.24080510591209,1.07209999274876,0.721818614802013
0.456067555328107,2.72510668655671,0.683042704844394,-0.829469728603112,-0.149650845572978,-0.383983942908374
-2.32147958210028,-0.75966747267845,0.569768929151004,0.659545554071412,-0.130126758293772,0.0663625973329496
1.70631242404069,-2.98525072348076,0.355118401959857,0.694892210729955,0.768637953751726,-0.565015966422202
-0.483340651346442,-2.05576047800068,-0.941791107518904,1.43093461124814,-0.592041921945266,0.265589041743401
-4.02490346480276,-2.15757825309123,-1.98498440577787,-0.956941417174801,-1.17117089997916,0.0595261084197321
-0.45458052396359,0.991337583762161,-0.901066949786885,0.402874533250666,0.440393239993959,-0.0709026966199733
0.447551579729126,0.555100472513255,-0.776314539543042,-0.785268893733835,-0.567615250280864,-0.166898927029167
-1.47105948113645,0.360439517963048,-0.506801812561414,1.68196970799771,-0.0899287861446594,-0.060195295601079
-1.6904448073077,-0.618929721228382,-0.247944744698276,0.278663366456615,0.0260863001463345,-0.781604130583031
-0.22252587862662,1.59789612433129,-0.43365685151316,0.415917683455296,-0.74369413758908,-0.308278633348166
-0.622107854230182,-3.57788141396606,0.376704361505638,0.0301965963886153,-0.0679371704871504,-0.252485432998986
-2.83565446417875,-2.72836201416467,0.596344235343557,-2.59691027708771,-0.771452988058005,0.107806669753785
-4.92520458978946,-2.82834615327819,-1.05868325686807,-2.16994409740754,0.14016593865637,-0.264248319164246
0.967727616855425,3.63650640163961,0.0940941156598775,-0.493595881026225,0.345111675496048,-0.3048412491989
-1.87264711100527,-2.92082073979606,-1.01334185965358,-2.40031560901903,-0.952105485055838,-0.0790590650593723
6.64975717366705,0.251221647144061,0.31263132147673,0.687956931755545,0.465447767793871,-0.275266589026658
-0.325318079898439,0.354399201418521,-1.00329735493139,1.54269847365089,0.374122875964099,-0.329212659159912
0.440136541104669,3.00245738404787,-0.596156487941632,0.0116717105636586,-0.512076365988197,0.232426455517797
1.74934123991994,1.54451746863464,-0.729627540455225,-0.0726950425492169,0.394324705278572,0.662798091877293
-4.29037106679911,-0.732273114154328,-1.38405006480327,-0.334931922031749,-1.02527615570542,-0.559452842568878
-0.466680935485454,-1.59717548421881,0.413364494108614,1.84417877369194,-0.0958480234221407,0.396508273312757
-3.98995984344248,0.59425972001742,1.18059571834088,0.931495568921068,0.761956525609665,0.0707708741632067
-2.46521983798528,-3.6436194974523,-0.682196122901266,0.899526780109755,-0.107094122519669,-0.135521183720321
1.68963219250319,1.29426289481132,0.322598226122149,0.905690635211681,0.450293612881484,0.675168989965341
-0.0928261803367414,-2.27088925428011,-0.453739034303558,-0.757400757819583,0.432199080613069,-0.154700039764426
0.805866494742874,0.0931150547846702,-0.809901029231499,-0.639025511414093,-0.420483278605468,0.0442459067404319
1.53221127762379,-2.33413464741655,-1.59903819840171,1.9277301150518,0.387898577975458,-0.394628287469668
1.73115464489766,1.08222443826914,-0.274019706742768,0.789693793338538,-0.272960892957162,0.0060546156025026
-2.50475172585102,0.339831937900624,1.37074403950429,0.276958077465357,-0.0990696836563721,-0.267233381001792
-0.31504122890808,-1.18452680907059,-1.52504652280008,-0.849118973848061,-0.952013910837526,0.186230398628535
-1.02283247214297,-4.0299899683148,-0.0370948832848828,0.275683490719554,-0.0190766101939613,-0.614637153007243
0.824589731612783,-1.34445488451443,-0.300577652501688,-2.10628763828347,-0.447597518523554,-0.840961429847059
1.12652883758257,-1.86582841788239,-1.2680156234884,-1.54465977749164,-0.451362614962921,-0.147639679431477
1.4495793660401,1.37801151866234,2.40249502078733,0.147980097232935,0.0172991559815839,-0.0606902259345561
-0.828745108002823,-0.218688879639706,0.97441734830252,-0.548416129182327,-0.359460884678897,-0.0313594162559732
0.0830842986877466,1.46643311403422,1.5295087996409,-0.486628231406181,-0.393367829382593,-0.0233495810653487
0.447795585859838,0.889042414086824,0.668189685732518,-0.566273555279338,-0.0560681560493565,0.463146351041736
1.57005360175891,-0.796505268151241,-2.00503074292015,1.63560079165971,0.51162454809156,0.03877656551988
-0.845237311329042,-0.954574679056661,-0.27409730387173,-0.710470519979934,-0.698202632550231,-0.272360533792983
-0.733775820492785,-0.695427918829335,1.06004784148592,1.98986188363295,0.508569882366807,-0.0755746281093856
-3.52782852224407,-5.92651192185153,-1.08131488433745,0.591676670722249,-0.569252842691099,-0.831228054388098
