"ID","bookValue","auditValue"
82884,242.61,242.61
25064,642.99,642.99
81235,628.53,628.53
71769,431.87,431.87
55080,620.88,620.88
93224,501.76,501.76
24331,466.01,466.01
81460,295.2,295.2
14608,216.48,216.48
79064,243.43,243.43
6227,296.26,296.26
59109,341.64,341.64
81527,203.02,203.02
27240,520.5,520.5
76073,469.93,469.93
83056,543.04,543.04
46163,511.62,511.62
85963,364.09,364.09
92464,76.76,76.76
15611,450.56,450.56
76619,582.6,582.6
91370,232.67,232.67
56015,266.26,266.26
91470,307.29,122.92
50826,331.03,331.03
40298,239.04,239.04
94886,139.78,139.78
29777,560.23,560.23
58849,274.26,274.26
38504,586.05,586.05
83557,507.34,507.34
19996,319.9,319.9
70799,270.42,270.42
1541,461.89,461.89
55337,233.01,233.01
80125,118.58,118.58
43450,508.55,508.55
57172,329.3,329.3
13432,401.56,401.56
58014,283.07,113.23
50149,416.73,416.73
42594,170.6,170.6
1171,398.36,398.36
15101,475.22,190.09
32267,318.45,318.45
25529,464.7,464.7
53784,325.19,325.19
45437,347.94,139.18
28052,490.93,490.93
78968,355.26,355.26
37026,224.76,224.76
33829,134.16,134.16
80645,677.88,677.88
81087,379.26,379.26
86073,874.46,874.46
95532,444.61,444.61
91184,229.78,229.78
45608,328.06,328.06
88748,154.76,154.76
70084,377.41,377.41
54483,328.32,328.32
73456,364.05,364.05
51272,248.4,248.4
81126,623.94,623.94
74733,509.36,509.36
79628,310.14,310.14
36891,469.94,469.94
48057,415.06,415.06
63992,577.14,577.14
38884,295.41,295.41
27566,481.44,481.44
38968,635.28,635.28
90160,205.69,205.69
44016,600.75,600.75
73993,493.26,493.26
45510,709.82,709.82
28956,462.28,462.28
23467,151.91,151.91
69335,394.16,394.16
24286,561.26,561.26
18890,511.56,511.56
27241,219.76,87.9
66252,200.33,200.33
24903,170.47,170.47
4437,758.71,758.71
20141,496.93,496.93
82532,540.99,540.99
24307,425.56,425.56
31740,735.45,735.45
90333,241.17,241.17
7224,354.76,354.76
75133,355.16,355.16
81148,106.24,106.24
19742,280.37,280.37
15009,415.6,415.6
9928,448.69,448.69
61593,376.3,376.3
55002,328.13,328.13
50415,646.35,646.35
61924,311.01,311.01
64282,172.65,172.65
42657,496.02,496.02
26909,336.37,336.37
50144,157.35,157.35
57542,291.96,291.96
88261,266.66,266.66
66000,456.5,456.5
9756,123.57,123.57
32748,194.02,194.02
4756,295.96,295.96
96196,206.19,206.19
63432,339.44,339.44
12128,362.93,362.93
5748,292.05,292.05
4225,268.65,268.65
14573,221.1,221.1
2548,849.38,849.38
59254,353.26,353.26
66939,714.26,714.26
8083,332.17,332.17
63904,197.73,197.73
41110,304.41,304.41
37985,562.09,562.09
46093,243.42,243.42
67389,283.38,283.38
25996,434.05,434.05
71325,306.78,306.78
13081,734.93,734.93
98356,511.04,511.04
95222,496.15,496.15
18668,255.8,255.8
99691,134.23,134.23
15769,186.81,186.81
27117,914.95,914.95
85452,370.07,370.07
45746,440.72,440.72
79417,335.71,335.71
26141,471.03,471.03
84329,122.99,122.99
93820,845.91,845.91
58999,568.6,568.6
68676,612.46,612.46
75053,157.54,157.54
72372,247.97,247.97
64061,129.32,129.32
90183,333.28,333.28
72906,677.62,677.62
59426,221.35,221.35
90102,586.57,586.57
13574,346.87,346.87
9567,429.25,429.25
54452,226.49,226.49
63777,552.83,552.83
44198,765.11,765.11
36290,179.22,179.22
70010,185.75,185.75
46379,264.2,264.2
54435,430.78,430.78
60607,737.27,737.27
97972,709.76,709.76
71729,290.83,290.83
76263,701.99,701.99
25808,284.98,284.98
38561,458.6,458.6
71358,347.5,347.5
37626,544.69,544.69
76571,356.94,356.94
26061,178.95,178.95
9202,140.59,140.59
36834,603.64,603.64
92003,130.41,130.41
89026,154.8,154.8
32752,112.07,112.07
82533,100.85,100.85
75329,404.07,404.07
27801,314.65,314.65
22515,167.07,167.07
86915,323.47,323.47
68646,114.08,114.08
14029,891.3,891.3
27597,124.01,124.01
27070,699.51,699.51
96080,449.07,449.07
39411,739.46,739.46
62693,302.92,302.92
93367,585.26,585.26
29395,349,349
66392,186.07,186.07
89893,393.06,393.06
30948,204.91,204.91
36460,173.51,173.51
70378,255.5,255.5
45187,331.27,331.27
60975,566.94,566.94
11666,375.95,375.95
84963,430.32,430.32
34540,337.09,337.09
37012,570.3,570.3
42629,365.47,365.47
89813,334.73,334.73
96029,465.35,465.35
16596,423.61,169.44
88668,274.96,274.96
96988,460.54,460.54
15553,169.95,169.95
93529,528.79,528.79
96963,745.64,298.26
53255,402.35,402.35
68667,275.47,275.47
61451,102.73,102.73
52190,196.26,196.26
25063,740.99,740.99
40051,271.97,271.97
25379,1021.07,1021.07
75428,379.8,379.8
55391,593.38,593.38
47821,52.75,52.75
11890,296.31,296.31
61802,543.23,543.23
4260,428.45,428.45
46828,277.91,277.91
15082,452.66,452.66
66403,422.53,422.53
10375,746.81,746.81
93255,312.5,312.5
58949,549.16,549.16
49529,435.84,435.84
51581,563.31,563.31
56655,280.82,280.82
6333,93.44,93.44
21256,134.03,134.03
15340,460.4,460.4
14642,231.78,231.78
91946,551.5,551.5
98624,340.6,340.6
55672,327.11,327.11
6152,181.49,181.49
94223,811.7,811.7
41466,301.48,301.48
92819,690.08,690.08
91732,365.69,365.69
89008,464.16,464.16
45233,184.57,184.57
63863,710.14,710.14
48325,270.19,270.19
74299,417.48,417.48
83880,697.3,697.3
20102,291.07,291.07
90733,327.73,327.73
39563,123.96,123.96
53984,637.45,637.45
78992,686.1,686.1
50083,519.01,519.01
85522,87.6,87.6
30200,705.99,705.99
71218,563.83,563.83
33418,300.76,300.76
43806,207.02,207.02
69881,589.3,589.3
14001,524.19,524.19
63859,411.31,411.31
66981,392.81,392.81
54284,209.97,209.97
92751,500.51,500.51
37216,549.49,549.49
86872,350.82,350.82
84630,287.19,287.19
57075,247.89,247.89
96292,179.32,179.32
82033,352.75,352.75
52048,316.01,316.01
96619,136.05,136.05
72845,398.17,398.17
39632,378.47,378.47
38505,192.99,192.99
44027,680.05,680.05
88999,488.17,488.17
61175,424.69,424.69
99647,314.86,314.86
45174,462.58,462.58
20770,336.12,336.12
92032,321.49,321.49
77471,180.95,180.95
81701,33.02,33.02
89577,459.1,459.1
92246,571.86,571.86
80079,387.93,387.93
18406,111.52,111.52
22629,488.41,195.36
4913,464.32,464.32
74963,251.08,100.43
298,102.11,102.11
38060,403.92,403.92
289,212.95,212.95
64172,556.46,556.46
8178,440.51,440.51
11643,634.05,634.05
53237,170.1,170.1
27495,320.01,320.01
86093,326.17,326.17
61726,588.81,588.81
94296,198.59,198.59
34347,472.19,472.19
46071,460.2,460.2
59363,542.45,542.45
11569,1025.03,1025.03
95190,317.09,317.09
85801,214.69,214.69
67608,462.74,462.74
89612,337.21,337.21
71865,409.71,409.71
49209,329.69,329.69
30386,117.64,117.64
10314,358.47,358.47
18614,229,229
59725,280.84,280.84
91495,794.48,794.48
64380,246.28,246.28
52870,717.78,717.78
20600,88.87,88.87
71099,284.77,284.77
65954,372.12,372.12
27159,656.87,656.87
56338,465.67,465.67
57791,376,376
72525,541.93,541.93
58378,94.17,94.17
55575,261.4,261.4
68330,645.87,645.87
30774,508.26,508.26
70645,387.18,387.18
58628,595.9,595.9
73222,352.6,141.04
59766,173.76,173.76
9782,337.93,337.93
56391,422.66,422.66
36694,282.38,282.38
8400,601.52,601.52
63311,227.84,227.84
92584,450,450
71552,122.09,122.09
81109,415.4,415.4
10991,133.92,133.92
15197,536.77,536.77
79622,345.21,345.21
36202,328.99,328.99
81428,273.54,273.54
75648,629.78,629.78
73011,513.16,513.16
13682,441.66,441.66
21337,272.84,272.84
94854,141.08,141.08
81354,961.28,961.28
68114,246.06,246.06
27934,749.38,749.38
15476,451.78,451.78
40165,880.81,880.81
20711,610.88,610.88
9908,793.99,793.99
89437,98.15,98.15
41949,470.27,470.27
14846,350.91,350.91
81920,404.21,404.21
47681,230.39,230.39
85828,488.64,488.64
54879,332.72,332.72
47856,214.39,214.39
65018,309.25,309.25
89784,437.34,437.34
46846,648.38,648.38
94414,146.78,146.78
29133,597.44,597.44
44851,241.15,241.15
14869,344.8,344.8
15477,323.31,323.31
60335,259.89,259.89
58735,620.96,620.96
33907,475.63,475.63
26208,368.94,368.94
23831,769.89,769.89
45361,125.35,125.35
63599,452.91,452.91
48076,175.71,175.71
64482,303.6,303.6
97391,371.09,371.09
7650,1425.79,1425.79
50787,173.28,173.28
82196,211.76,211.76
61608,418.06,418.06
39060,205.69,205.69
58573,445.84,445.84
75887,739,739
3255,98.05,98.05
18490,560.09,560.09
91293,711.72,711.72
11499,140.3,140.3
71803,624.7,624.7
93179,257.14,257.14
51975,533.01,533.01
43184,497.5,497.5
66664,246.01,246.01
48165,394.65,394.65
13744,275.44,275.44
69291,208.33,208.33
96007,608.06,608.06
57606,225.65,225.65
78215,350.77,350.77
88288,307.69,307.69
35386,341.13,341.13
12108,366.56,366.56
497,640.18,640.18
4916,190.5,190.5
49031,377.31,377.31
79697,162.48,162.48
80186,190.48,190.48
26163,270.58,108.23
56884,332.54,332.54
94766,409.05,409.05
3922,630.86,630.86
48687,471.73,471.73
25839,294.92,294.92
83951,288.15,288.15
89999,452.66,452.66
74959,353.49,353.49
71462,640.12,640.12
10332,337.79,337.79
53456,258.6,258.6
27966,59.28,59.28
73223,683.8,683.8
24835,237,237
24435,172.2,172.2
57981,314.5,314.5
51139,224.72,224.72
16910,446.6,446.6
96819,353.52,353.52
45851,478.83,478.83
11649,505.37,505.37
76607,523.32,523.32
21170,553.99,553.99
985,633.92,633.92
8981,324.92,324.92
8911,585.23,585.23
32859,305.23,305.23
12474,198.08,198.08
66597,538.73,538.73
75957,188.71,188.71
89380,191.06,191.06
14071,267.99,267.99
52055,879.91,879.91
39908,831.31,831.31
82102,1020.22,1020.22
16688,271.87,271.87
20760,734.29,734.29
51418,447.31,447.31
87838,533.69,533.69
25823,323.42,323.42
74280,132,132
43525,222.1,222.1
77773,278.95,111.58
38801,659.33,659.33
51855,690.06,690.06
26364,740.25,740.25
65768,480.89,480.89
71795,105.46,105.46
6641,687.51,687.51
12836,455.82,455.82
67846,458.78,458.78
55650,324.9,324.9
25886,478.13,478.13
37508,249.83,249.83
84375,824.66,824.66
55273,392.71,392.71
16466,381.43,381.43
44650,414.99,414.99
66018,281.64,281.64
68700,281.83,281.83
38699,275.22,275.22
72120,68.63,68.63
71824,305.14,305.14
81037,456.27,456.27
56520,350.92,350.92
80465,257.83,257.83
9237,757.69,757.69
89934,490.9,490.9
43022,174.36,174.36
79093,635.85,635.85
71864,201.07,201.07
50811,651.35,651.35
14139,157.98,157.98
92979,469.99,469.99
19346,301.26,301.26
55315,117.59,117.59
2651,297.53,297.53
80824,442.44,442.44
75125,191.51,191.51
11313,678.04,678.04
8847,397.11,397.11
11992,482.04,482.04
7447,240.33,240.33
65509,343.22,343.22
82615,629.43,629.43
67148,341.15,341.15
52658,292.07,292.07
83955,751.95,751.95
74317,399.16,399.16
53945,846.85,846.85
23583,511.29,511.29
16965,190.5,190.5
14240,414.66,414.66
29764,556.48,556.48
89039,210.01,210.01
6184,131.65,131.65
41120,292.27,292.27
56756,348.08,348.08
31163,363.46,363.46
66583,879.54,879.54
11813,166.92,166.92
47388,167.64,167.64
75550,130.53,130.53
31735,423.04,423.04
2671,195.74,195.74
78747,226.28,226.28
34822,150.43,150.43
12052,580.69,580.69
46204,161.63,161.63
40066,265.3,265.3
51481,179.01,179.01
64873,164.95,164.95
65750,552.5,552.5
4838,701.64,701.64
89253,182.37,182.37
25274,415.86,415.86
66816,239.39,239.39
71707,222.87,222.87
89333,362.28,362.28
61005,233.97,233.97
77046,466.99,466.99
77814,483.28,483.28
84536,295.35,118.14
23685,424.56,424.56
59702,294.28,294.28
63010,347.38,347.38
77143,189.49,189.49
84382,123.04,123.04
49578,369.35,369.35
84305,298.29,298.29
2713,704.91,704.91
43798,634.64,634.64
33807,306.96,306.96
4354,350.72,350.72
6514,530.06,530.06
59894,557.4,557.4
32737,297.55,297.55
44391,374.93,374.93
78582,585.05,585.05
47150,447.53,447.53
87955,219.45,219.45
74243,239.7,239.7
86130,191.28,191.28
97331,227.75,227.75
61936,530.25,530.25
170,450.12,450.12
61455,286.77,286.77
93363,325.59,325.59
44286,179.46,179.46
8259,560.26,560.26
80260,176.39,176.39
64644,544.46,544.46
94368,313.83,313.83
41278,310.98,310.98
39445,406.17,406.17
14776,591.46,591.46
77815,190.37,190.37
88214,214.61,214.61
32406,606.48,606.48
87681,333.62,333.62
38434,209.67,209.67
83566,296.99,296.99
5712,833.33,833.33
90124,563.22,563.22
33331,298.55,298.55
35124,236.8,236.8
98319,579.4,579.4
6993,809.95,809.95
97037,553.69,553.69
16836,571.22,571.22
83304,759.15,759.15
41417,251.22,251.22
16689,630.99,630.99
63201,376.79,376.79
60591,172.81,172.81
27210,26.3,26.3
8369,545.34,545.34
32309,665.25,665.25
30750,338.36,338.36
11502,147.89,147.89
93226,376.55,376.55
91073,281.47,281.47
20229,490.44,490.44
65392,501.74,501.74
64917,103.37,103.37
72544,427.06,427.06
77057,536.63,536.63
94050,144.77,144.77
19938,544.16,544.16
27905,868.59,868.59
61083,173.17,173.17
54696,333.92,333.92
80570,542.07,542.07
7851,407.09,407.09
27452,322.19,322.19
25648,183.91,183.91
52317,177.37,177.37
81774,32.81,32.81
65398,534.57,534.57
140,347.78,347.78
58475,169.9,169.9
80241,274.84,274.84
5388,607.6,607.6
56532,268.9,268.9
57047,419.24,419.24
75453,499.18,499.18
99538,486.18,486.18
73468,930.16,930.16
51619,274.09,274.09
97070,909.19,909.19
82635,296.29,296.29
24203,365.32,365.32
53181,385.2,385.2
29639,381.79,381.79
99263,152.78,152.78
18662,463.94,463.94
75034,406.42,406.42
92541,244.31,244.31
8709,767.78,767.78
98761,564.8,564.8
61629,252.48,252.48
11783,238.21,238.21
42800,893.41,893.41
45342,408.83,408.83
58370,182.14,182.14
82311,165.89,165.89
15871,69.81,69.81
67362,590.27,590.27
99218,693.17,693.17
40763,800.81,800.81
7353,388.45,155.38
12379,209.45,209.45
58576,79.7,79.7
21842,117.59,117.59
38054,484.27,484.27
96911,652.39,652.39
80986,248.38,248.38
35553,221.38,221.38
85834,665.15,665.15
11067,140.44,140.44
21849,514.78,514.78
86118,558.87,558.87
64847,217.14,217.14
47485,773.14,773.14
10080,530.24,530.24
32500,118.29,118.29
21503,104.32,104.32
32486,354.77,354.77
37356,80.09,80.09
60285,417.2,417.2
81863,243.14,243.14
31451,622.51,249
20499,305.3,305.3
82675,383.78,383.78
36859,542.31,542.31
37946,412.46,412.46
13600,284.76,284.76
50338,346.82,346.82
79219,338.41,338.41
82901,428.55,428.55
85062,302.78,302.78
85096,194.3,194.3
20237,669.75,669.75
77798,392.84,392.84
75644,300.11,300.11
98531,159.5,159.5
86512,484.48,484.48
90641,347.52,347.52
40164,400.55,400.55
92723,345.42,345.42
53797,258.49,258.49
45225,284.03,284.03
59806,401.22,401.22
67855,171.99,171.99
71778,289.24,289.24
14668,484.19,484.19
52164,395.91,395.91
66059,496.61,496.61
31283,196.44,196.44
62034,540.66,540.66
44249,389.97,389.97
98713,384.1,384.1
64305,319.68,319.68
29683,239.26,239.26
65772,538.94,538.94
52061,309.69,309.69
82570,808.04,808.04
25087,501.51,501.51
21900,919,919
7246,418.32,418.32
99626,170.01,170.01
27474,204.7,204.7
47524,186.95,186.95
66386,602.31,602.31
79101,832.79,832.79
21572,449.83,449.83
87348,92.06,92.06
52227,318.59,318.59
99012,313.75,313.75
12815,873.43,873.43
23123,361.01,361.01
49492,142.41,142.41
64893,234.73,234.73
821,342.25,342.25
18869,280.47,280.47
85841,395.38,395.38
34745,197.08,197.08
1000,298.96,298.96
53534,898.06,898.06
88247,263.74,263.74
1570,321.75,321.75
34803,328.56,328.56
30890,260.9,260.9
12934,325.3,325.3
4782,311.33,311.33
43722,430.65,430.65
78151,268.18,268.18
2309,135.77,135.77
78676,346.28,346.28
60115,252.19,252.19
80847,717.5,717.5
89778,440.48,440.48
72671,533.56,533.56
96915,193.65,193.65
69257,649.24,649.24
4238,224.08,224.08
91066,424.74,424.74
65857,450.87,450.87
49650,831.95,831.95
34265,362.2,362.2
60942,442.12,442.12
79897,364.13,364.13
85033,264.85,264.85
74909,240.84,240.84
81641,374.63,374.63
4261,214.07,214.07
66560,331.95,331.95
19191,487.99,487.99
11458,265.53,265.53
11563,263.08,105.23
10453,573.74,573.74
17810,373.01,373.01
38157,293.84,293.84
36468,577.92,577.92
1537,505.61,505.61
72848,230.8,230.8
17332,594.54,594.54
8844,588.93,588.93
54116,206.05,206.05
30584,128.66,128.66
33030,108.06,108.06
64154,398.42,398.42
53743,302.28,302.28
82035,561.65,561.65
47596,256.13,256.13
8596,50.53,50.53
70053,131.18,131.18
88171,310.22,310.22
40251,248.1,99.24
92923,247.89,247.89
20171,834.56,834.56
35085,291.58,291.58
82046,569.21,227.68
77711,407.33,407.33
96036,154.92,154.92
16970,240.74,240.74
10872,148.02,148.02
91364,244.35,244.35
52619,279.44,279.44
74,394.25,394.25
52541,369.01,369.01
99493,51.78,51.78
60604,307.86,307.86
89715,112.19,112.19
75768,348.81,348.81
1666,372.59,372.59
44800,262.55,262.55
76865,198.12,198.12
72660,366.19,366.19
91424,426.3,426.3
73255,858.29,858.29
44256,378.99,378.99
52805,357.9,357.9
99551,393.05,393.05
5861,186.49,186.49
48334,256.34,256.34
91330,304.58,304.58
54656,544.05,544.05
16926,200.33,200.33
5981,280.11,280.11
43782,217.69,217.69
81225,593.87,593.87
64474,220.13,220.13
44946,500,500
13118,505.56,505.56
57201,513.07,513.07
82711,288.93,288.93
78958,381.27,381.27
85353,528.35,528.35
73654,213.41,213.41
96857,772.72,772.72
45922,1225.78,1225.78
64972,321.55,321.55
26564,509.35,509.35
56212,324.15,324.15
28770,490.86,490.86
27840,289.27,289.27
38298,243.16,243.16
26230,379.97,379.97
7995,251.2,251.2
21123,381.48,381.48
80057,762.64,762.64
65236,495.7,495.7
19678,289.67,289.67
28971,558.38,558.38
44332,221.27,221.27
53865,145.17,145.17
65845,170.16,170.16
41934,323.23,323.23
31773,385.19,385.19
60224,429.84,429.84
43352,188.72,188.72
25008,448.07,448.07
4405,214.27,214.27
30468,363.95,363.95
84419,494.53,494.53
92415,415.47,415.47
43678,459.47,459.47
59653,136.74,136.74
35768,194.38,194.38
41446,268.29,268.29
77094,221.34,221.34
46978,331.63,331.63
35269,281.84,281.84
61512,253.93,253.93
20020,496.52,496.52
93299,493.66,493.66
7518,220.96,220.96
76535,235.24,235.24
85271,644.05,644.05
26870,346.21,346.21
56748,205.85,205.85
26683,520.86,520.86
9542,785.95,785.95
49711,458.6,458.6
56806,189.24,189.24
11134,652.28,652.28
84625,233.69,233.69
50246,635.91,635.91
1469,72.57,72.57
83339,614.68,614.68
24950,514.57,514.57
19358,264.62,264.62
9058,365.38,365.38
7018,354.82,354.82
55847,322.88,322.88
57963,87.18,87.18
26435,415.96,415.96
82047,249.68,249.68
98127,306.91,306.91
29361,276.32,276.32
54916,325.65,325.65
14903,321.95,321.95
32959,229.87,229.87
99169,393.38,393.38
72282,106.33,106.33
33249,428.24,428.24
47761,452.95,452.95
86504,307,307
85328,449.07,449.07
93477,692.36,692.36
7048,559.26,559.26
63176,621.95,621.95
51952,291.01,291.01
16196,198.23,198.23
81844,324.44,324.44
94753,1171.55,1171.55
14689,249.24,249.24
28012,468.85,468.85
96141,370.65,370.65
36965,247.12,98.85
10698,845.48,845.48
4447,219.46,219.46
1730,449.87,449.87
80910,449.2,449.2
98110,617.6,617.6
25837,175.87,175.87
71277,294.71,294.71
51617,276.16,276.16
89310,110.63,110.63
42638,193.54,193.54
64505,802.25,802.25
68796,921.52,921.52
98670,51.51,51.51
67506,314.29,314.29
84412,270.1,270.1
3976,660.59,660.59
37042,115.68,115.68
83355,456.1,456.1
39231,381.7,381.7
63335,377.3,377.3
65991,245.8,245.8
75063,629.91,629.91
76413,297.65,297.65
73208,370.28,370.28
19706,672.47,672.47
12566,287.61,287.61
47001,380.91,380.91
93879,339.84,339.84
8532,169.98,67.99
43451,230.42,230.42
282,272.42,272.42
38549,336.55,336.55
85674,257.82,257.82
28025,429.14,429.14
84650,256.54,256.54
76950,341.77,341.77
24081,372.59,372.59
42381,446.03,446.03
46994,297.62,297.62
25683,276.45,276.45
12426,940.11,940.11
68039,684.79,684.79
9621,429.21,429.21
31073,227.41,227.41
84051,321.9,321.9
30725,661.82,661.82
16040,268.28,268.28
96150,570.49,570.49
54895,900.56,900.56
40300,639.17,639.17
93512,206.16,206.16
48821,363.4,363.4
8764,734.96,734.96
7726,172.23,172.23
46089,147.54,147.54
42099,337.06,337.06
38589,197.84,197.84
72049,626.8,626.8
99419,668.93,668.93
72110,383.7,383.7
47870,217.84,217.84
89798,208.03,208.03
72963,246.9,98.76
70217,492.51,492.51
13843,740.28,740.28
28827,190.98,190.98
13670,181.17,181.17
52741,409.8,409.8
78244,476.55,476.55
90069,361.57,361.57
2246,329.57,329.57
29132,320.19,320.19
41089,865.53,865.53
11929,850.14,850.14
64369,382.49,382.49
12210,330.11,330.11
55241,240.11,240.11
44212,680.94,680.94
31284,430.48,430.48
87015,589.5,589.5
96607,344.95,344.95
90112,438.46,438.46
86428,447.56,447.56
91097,235.45,235.45
56074,236.16,236.16
65353,486.48,486.48
8487,249.57,249.57
43520,416.75,416.75
35188,639.54,639.54
34406,193.47,193.47
10177,363.21,363.21
43165,182.34,182.34
28211,198.7,198.7
96173,150.87,150.87
47424,469.18,469.18
80898,258.31,258.31
95729,686.46,686.46
74788,347.1,347.1
48630,678.42,678.42
64492,232.65,232.65
83022,144.35,144.35
42875,553.65,553.65
44125,203.92,203.92
26298,339.16,339.16
12316,149.46,149.46
34207,240.75,240.75
94083,112.01,112.01
31860,437.3,437.3
47602,203.09,203.09
70237,306.96,306.96
45429,489.34,489.34
97578,754.48,754.48
92166,566.01,566.01
51060,376.7,376.7
3400,239.69,239.69
66191,342.88,342.88
83116,296.45,296.45
55369,253.77,253.77
54150,212.34,212.34
50755,618.24,618.24
37504,172.7,172.7
51851,550.07,550.07
49224,275.39,275.39
99239,114.21,114.21
12753,388.51,388.51
48861,308.96,308.96
96096,161.11,161.11
38737,237.09,237.09
35682,212.03,212.03
53095,823.83,823.83
67675,231.67,231.67
13270,589.24,589.24
32164,405.54,405.54
83189,199.8,199.8
89942,322.38,322.38
27714,183.23,183.23
79440,299.11,299.11
54637,163.46,163.46
4105,575.45,575.45
11808,397.04,397.04
77534,589.52,589.52
31316,335.82,335.82
344,363.88,363.88
73209,116.22,116.22
95008,158.96,158.96
83468,571.3,571.3
60087,485.97,485.97
566,147.87,147.87
35529,242.01,242.01
86438,758.85,758.85
44673,523.2,523.2
23308,334.29,334.29
59197,796.94,796.94
63278,287.82,287.82
30309,368.94,368.94
6407,501.45,200.58
30614,699.22,699.22
66675,384.27,384.27
14931,299.14,299.14
29154,220.47,220.47
54677,199.77,199.77
80551,755.28,755.28
4034,96.66,96.66
5055,236.28,236.28
72449,183.76,183.76
90462,263.64,263.64
99993,732.09,732.09
36766,279.94,279.94
36214,363.79,363.79
47500,583.33,583.33
37569,633.59,633.59
8499,631.06,631.06
28821,557.13,557.13
29288,414.35,414.35
79901,789.97,789.97
83494,836.53,836.53
57043,642.68,642.68
38336,310.11,310.11
78091,489.4,489.4
31315,403.34,403.34
98581,254.58,254.58
60808,226.89,226.89
5401,553.58,553.58
65319,502.54,201.02
68732,357.02,357.02
42298,876.9,876.9
84835,335.27,335.27
89962,341.75,341.75
54299,380.65,380.65
57490,667.23,667.23
70874,303.71,303.71
16111,540.11,540.11
77111,650.75,650.75
33799,177.53,177.53
25693,360.27,360.27
56565,397.74,397.74
9311,373.59,373.59
92681,257.03,257.03
7398,192.97,192.97
45531,485.94,485.94
85233,686.1,686.1
30832,300.46,300.46
11161,688.87,688.87
52815,615.21,615.21
58533,372.23,372.23
78519,367.62,367.62
18923,527.82,527.82
47887,304.5,304.5
65066,301.97,301.97
56209,441.31,441.31
50725,1073.76,1073.76
79838,412.33,412.33
23211,127.29,127.29
33036,555.8,555.8
69483,249.75,249.75
28178,367.64,367.64
11365,470.19,470.19
63557,268.12,268.12
17563,248.48,248.48
25171,399.75,399.75
16350,581.88,581.88
96557,610.25,610.25
87123,510.38,510.38
72856,375.16,375.16
20584,215.33,215.33
68319,324.51,324.51
39852,278.56,278.56
17785,112.01,112.01
63552,645.7,645.7
42553,371.73,371.73
11786,280.46,280.46
82263,240.65,240.65
84986,200.18,200.18
18123,340.45,340.45
38019,537.14,537.14
32321,196.09,196.09
40901,751.75,751.75
69294,174.61,174.61
79238,642.84,642.84
27835,330.91,330.91
38970,685.84,685.84
17506,156.15,156.15
5458,160.21,160.21
69174,178.04,178.04
91093,307.38,307.38
67749,333.07,133.23
85213,321.78,321.78
85385,275.95,275.95
72705,420.45,420.45
14649,857.37,857.37
14979,169.77,67.91
22843,716.26,716.26
37412,306.66,306.66
27232,306.77,306.77
30188,766.24,766.24
4919,584.12,584.12
24395,737.85,737.85
92950,731.55,731.55
43276,357.75,357.75
97993,571.17,571.17
28985,468.57,468.57
36275,321.01,321.01
36616,439.7,439.7
53723,550.32,550.32
28583,159.94,159.94
77743,402.29,402.29
32125,262.23,262.23
59189,186.49,186.49
64189,289.17,289.17
32602,159.95,159.95
50193,411.34,411.34
38541,516.02,516.02
32596,446.84,446.84
39619,747.26,747.26
5020,369.43,369.43
50870,189.31,189.31
66795,408.66,408.66
52861,107.99,107.99
54233,319,319
76926,731.92,731.92
49116,548.26,548.26
92595,719.44,719.44
99765,536.56,536.56
14733,257.71,257.71
10345,294.04,294.04
63430,387.55,387.55
3966,647.76,647.76
43963,375.89,375.89
2038,701.22,701.22
95137,324.5,324.5
3804,646.49,646.49
50469,443.33,443.33
16148,304.25,304.25
61808,220.35,220.35
37062,603.58,603.58
48330,933.99,933.99
31506,182.82,182.82
85943,242.66,242.66
21090,294.02,294.02
76779,612.08,612.08
90284,550.7,550.7
580,519.81,519.81
69700,453.84,453.84
13669,244.48,244.48
99021,352.38,352.38
79688,205.67,205.67
86495,211.45,211.45
56801,543.61,543.61
42567,408.57,408.57
36993,491.74,491.74
32675,413.54,413.54
5434,430.5,430.5
93656,506.59,506.59
12877,52.89,52.89
87816,636.56,636.56
18133,432.95,432.95
12827,688.28,688.28
56944,84.15,84.15
38601,215.13,215.13
74255,365.21,365.21
89447,367.23,367.23
83986,419.63,419.63
12681,120.59,120.59
77345,258.24,258.24
42628,519.24,519.24
44167,288.42,288.42
42095,290.06,290.06
76761,394.11,394.11
23198,735.87,735.87
67665,357.35,142.94
58748,580.87,580.87
173,123.05,123.05
76880,551.53,551.53
57555,410.97,410.97
35041,369.15,369.15
5324,503.95,503.95
98909,561.84,561.84
61088,226.37,226.37
19732,258.86,258.86
73288,891.39,891.39
69069,440.66,440.66
30287,343.33,343.33
35145,72.23,72.23
7457,174.3,174.3
64071,759.34,759.34
32133,646.74,646.74
12319,414.12,414.12
77159,571.27,571.27
9387,496.96,496.96
42072,500.22,500.22
48046,539.13,539.13
57764,696.32,696.32
38972,419.85,419.85
1756,513.56,513.56
7952,496.47,496.47
28198,252.25,252.25
92951,327.09,327.09
93903,263.87,263.87
59921,97,97
90029,99.05,99.05
75361,148.63,148.63
21513,556.8,556.8
4047,334.83,334.83
71580,456.18,456.18
67541,418.56,418.56
70694,288.46,288.46
85424,406.81,406.81
67162,788.69,788.69
52022,380.99,380.99
6771,351.53,351.53
60785,272.74,272.74
73038,859.53,859.53
769,317.21,317.21
50684,519.79,519.79
25324,92.57,92.57
41805,616.01,246.4
51733,208.87,208.87
48823,129.4,129.4
75650,50.07,50.07
97334,246.59,246.59
31480,261.68,261.68
56048,758.87,758.87
76278,294.58,294.58
30,124.44,124.44
53993,744.55,744.55
9935,307.34,307.34
6548,742.4,742.4
48714,219.41,219.41
45561,702.76,702.76
90736,417.39,417.39
43252,156.35,156.35
69109,282.86,282.86
20189,795.13,795.13
13735,86.72,86.72
57613,393.83,393.83
40156,279.08,279.08
39251,605.56,605.56
39930,738.79,738.79
64300,549.93,549.93
11343,471.04,471.04
9163,906.8,906.8
25969,262.48,262.48
15747,211.34,211.34
60970,348.48,348.48
33880,688.68,688.68
83429,106.31,106.31
57714,378.3,378.3
82701,513.15,513.15
5183,462.09,462.09
22119,344.89,344.89
81345,559.2,559.2
41463,382.67,382.67
51891,225.97,225.97
91955,398.96,398.96
71244,352.15,352.15
94615,820.49,820.49
26017,273.53,273.53
17098,252.57,252.57
7687,980.55,980.55
28529,471.97,471.97
32135,749.53,749.53
25951,457.97,457.97
41679,100.43,100.43
87516,410.28,410.28
23305,605.12,605.12
10168,558.19,558.19
85806,200.7,200.7
10518,247.19,247.19
76335,221.43,221.43
30772,186.13,186.13
95097,526.89,526.89
32940,388.31,388.31
95339,144.64,144.64
63696,346.54,346.54
30593,278.41,278.41
46168,236.21,236.21
87688,388.63,388.63
77871,812.13,812.13
78881,806.01,806.01
89768,130.62,130.62
14093,171.11,171.11
26151,222.63,222.63
754,395.82,395.82
7277,251.37,251.37
71371,688.71,275.48
5841,299.66,299.66
54849,189.34,189.34
73814,638.57,638.57
17503,258.83,258.83
71979,249,249
55839,325.53,325.53
52733,589.18,589.18
24727,715.09,715.09
4144,154.92,154.92
93474,371.55,371.55
38764,383.37,383.37
19517,340.07,340.07
83096,534.88,534.88
68454,518.82,518.82
71265,561.14,561.14
34579,749.23,749.23
72357,419.98,419.98
77245,379.74,379.74
18653,700.78,700.78
79072,338.12,338.12
13774,684.14,684.14
79125,255.44,255.44
95475,133.16,133.16
30644,476.96,476.96
36587,282.32,282.32
8070,938.12,938.12
80158,278.62,278.62
2162,256.01,256.01
68134,1109.19,1109.19
59757,177.25,177.25
33231,226.74,226.74
25189,545.88,545.88
76850,567.95,567.95
5601,474.07,474.07
21191,473.03,473.03
2046,202.89,202.89
26211,542.82,542.82
64498,311.05,311.05
80163,500.43,500.43
57302,524.91,524.91
83336,656.34,656.34
9490,238.22,238.22
20959,251.8,251.8
61765,345.37,345.37
56444,296.37,296.37
58181,273.21,273.21
69287,336.42,336.42
24659,487.48,487.48
19991,655.12,655.12
13,568.83,568.83
2474,180.32,180.32
99831,274,274
13305,157.5,157.5
25836,314.19,314.19
70085,322.5,322.5
79116,467.72,467.72
38653,253.31,253.31
79305,530.44,530.44
98961,579.26,579.26
55381,900.38,900.38
90205,266.18,266.18
40819,189.45,189.45
13472,360.05,360.05
54833,165.68,165.68
12020,465.3,465.3
67479,317.78,317.78
8094,378.87,378.87
75633,466.78,466.78
25900,335.35,335.35
29086,272.33,272.33
157,501.79,501.79
57698,251.33,251.33
65540,356.03,356.03
71867,58.05,58.05
20236,366.83,366.83
45828,788.28,788.28
6928,208.86,208.86
62591,389.72,389.72
88454,856.28,856.28
53915,583.62,583.62
10842,431.2,431.2
73509,266.04,266.04
70143,320.19,320.19
45983,275.68,275.68
30544,376.15,150.46
33462,713.04,713.04
33455,329.49,329.49
74865,383.25,383.25
72138,608.55,608.55
99426,437.56,437.56
83748,153.2,153.2
89492,562.64,562.64
27246,345.98,345.98
75139,181.02,181.02
13214,994.44,994.44
70991,270.13,270.13
62758,535.66,535.66
43868,576.5,576.5
22771,244.28,244.28
24329,149.44,149.44
83122,433.41,433.41
80192,163.6,163.6
47918,330.7,330.7
79159,358.62,358.62
34926,439.76,439.76
67036,360.85,360.85
52233,240.71,240.71
58562,242.99,242.99
18684,309.6,309.6
89163,252.9,252.9
13325,754.25,754.25
56670,494.14,494.14
60630,681.91,681.91
77533,648.86,648.86
61930,290.99,290.99
92684,299.69,299.69
53147,537.18,537.18
74303,228.39,228.39
76112,701.24,701.24
75782,100.39,100.39
40897,262.22,262.22
38435,345.44,345.44
87310,240.81,240.81
62477,177.29,177.29
75501,242.65,242.65
47527,299.8,299.8
42184,194.88,194.88
10305,648.7,648.7
64683,513.09,513.09
71354,582.52,582.52
51548,307.11,307.11
83225,221.15,221.15
41974,726.26,726.26
58850,450.37,450.37
21935,526.04,526.04
35595,442.87,442.87
98927,278.82,278.82
38685,350.41,350.41
49684,288.12,288.12
24230,216.46,216.46
42685,168.11,168.11
22325,203.85,81.54
49120,348.27,348.27
3552,453.89,181.56
45542,339.63,339.63
64475,234,234
8019,769.5,769.5
40983,477.78,477.78
85526,591.02,591.02
81443,543.8,543.8
90167,855.62,855.62
12016,514.85,514.85
33027,744.17,744.17
46707,210.87,210.87
13905,889.15,889.15
96565,511.2,511.2
99030,539.68,539.68
8103,319.08,319.08
64874,508.59,508.59
70499,224.45,224.45
26904,498.97,498.97
68091,205.69,205.69
48139,718.58,718.58
4027,621.97,621.97
40274,826.63,826.63
5737,883.88,883.88
75412,343.75,343.75
58,412.04,412.04
17899,239.15,239.15
54612,238.78,238.78
60042,794.93,794.93
598,302.77,302.77
38713,753.11,753.11
57702,428.87,428.87
86084,461.74,461.74
7652,846.99,846.99
49287,232.96,232.96
40969,293.84,293.84
27918,337.5,337.5
94689,840.28,840.28
38880,655.94,655.94
14016,281.76,281.76
9212,290.91,290.91
63954,398.16,398.16
71669,164.2,164.2
6481,240.01,240.01
97209,509.94,509.94
79595,622.4,622.4
47805,276.46,276.46
82902,583.95,583.95
31051,308.53,308.53
36945,714.02,714.02
23799,338.19,338.19
24899,602.76,602.76
72466,514.16,514.16
16274,424.85,424.85
46214,415.49,415.49
50334,441.46,441.46
21839,340.02,340.02
57174,449.24,449.24
11883,191.51,76.6
35023,193.3,193.3
89188,305.53,305.53
38314,489.4,489.4
18858,416.94,416.94
57,563.78,563.78
93706,195.05,195.05
54,296.07,296.07
7063,577.17,577.17
4120,233.88,233.88
25132,355.86,355.86
83785,160.34,160.34
50856,177.59,177.59
6242,879.02,879.02
50237,666.61,666.61
96300,385.12,385.12
38190,238.51,238.51
22651,412.1,412.1
45598,509.75,509.75
95723,242.12,242.12
98793,249.27,249.27
34202,626.36,626.36
66118,147.14,147.14
50703,110.76,110.76
719,445.56,445.56
16885,116.05,116.05
76644,234.03,234.03
47936,521.42,521.42
83341,165.99,165.99
26525,941.47,941.47
89757,460.67,460.67
39905,622.61,622.61
88180,359.32,359.32
96972,269.96,269.96
13497,381.3,381.3
68766,314.59,314.59
62317,309.74,309.74
78007,462.82,462.82
8223,652.17,652.17
251,329.46,329.46
31698,236.14,236.14
77108,515.81,515.81
26926,586.31,586.31
98342,155.36,155.36
5143,167.73,167.73
17547,106.06,106.06
87528,196.42,196.42
97834,294.9,294.9
27986,632.11,632.11
81268,320.05,320.05
70351,767.47,767.47
7569,241.57,241.57
80674,340.72,340.72
77832,205.35,205.35
81191,137.56,137.56
63646,668.76,668.76
62573,282.96,282.96
12604,973.75,973.75
59234,377.69,377.69
33389,128.13,128.13
10907,344.23,344.23
29538,663.33,663.33
9296,360.13,360.13
60760,715.14,715.14
12378,346.78,346.78
64241,383.5,383.5
51932,238.43,238.43
42100,434,434
10019,191.18,191.18
11739,446.29,446.29
54128,265.98,265.98
45633,282.91,282.91
42859,598.07,598.07
68236,193.05,193.05
68378,430.46,430.46
52545,504.44,504.44
2169,102.68,41.07
269,342.03,342.03
94783,240.22,240.22
48921,480.79,480.79
47899,103.86,103.86
97783,197.19,197.19
17408,314.02,314.02
52590,540.05,540.05
98301,429.07,429.07
75784,364.3,364.3
41471,576.28,576.28
59148,542.56,217.02
66109,517.77,517.77
85405,576.76,576.76
60678,277.26,277.26
89753,315.3,126.12
21057,390.91,390.91
79234,302.45,302.45
8383,215.13,215.13
82772,143.31,143.31
39570,307.54,307.54
87617,259.97,259.97
16821,801.99,801.99
71425,228.45,228.45
35367,219.47,219.47
28997,300.1,300.1
93238,276.08,276.08
6686,343.83,343.83
27653,330.51,330.51
79250,347.55,347.55
16943,255.92,255.92
50867,350.84,350.84
20876,204.21,204.21
79563,318.26,318.26
49850,316.94,316.94
30242,199.4,199.4
88007,284.7,284.7
49114,525.33,525.33
49285,551,551
88110,277.39,277.39
31600,355.02,355.02
62551,463.69,463.69
6006,148.55,148.55
70967,265.46,265.46
35706,308.4,308.4
38368,223.3,223.3
93835,457.25,457.25
92566,251.98,251.98
80955,275.06,110.02
39990,788,315.2
49325,790.31,790.31
91213,152.57,152.57
7074,112.57,112.57
53193,362.19,362.19
1679,646.61,646.61
58332,458.72,458.72
65816,321.77,321.77
56714,733.25,733.25
2621,319.88,319.88
86750,321.62,321.62
16014,123,123
68772,392.89,392.89
38316,326.48,326.48
71133,305.77,305.77
80283,433.12,433.12
48415,480.61,480.61
20736,407.24,407.24
1160,497.47,497.47
65385,386.94,386.94
67886,422.12,422.12
62668,329.11,329.11
47908,348.02,348.02
4735,543.87,543.87
11995,904.98,904.98
58329,272.29,272.29
85907,394.43,394.43
65867,307.69,307.69
53855,632.64,632.64
35289,304.04,304.04
40246,205.75,205.75
8437,194.89,194.89
54113,367.27,367.27
399,319.04,319.04
83784,389.55,389.55
50655,238.34,238.34
52191,427.71,427.71
30418,116.33,116.33
84728,384.8,384.8
85734,337.15,337.15
81853,769.16,769.16
39391,476.28,476.28
69581,403.13,403.13
56925,449.72,449.72
44122,401,401
61468,161.49,161.49
22544,301.36,301.36
12080,550.83,550.83
36964,156.97,156.97
64885,315.7,315.7
11523,161.8,161.8
29042,284.1,284.1
48169,379.96,379.96
35982,829.17,829.17
78723,501.59,501.59
59734,105.07,105.07
21931,437.69,437.69
3954,327.28,327.28
93051,450.88,450.88
40339,303.32,303.32
57674,349.28,349.28
78779,608.02,608.02
64142,202.72,202.72
9392,843.32,843.32
28358,729.23,729.23
92959,231.56,231.56
19188,264.74,264.74
85129,620.45,620.45
92145,410.56,410.56
57322,241.7,241.7
24275,721.75,721.75
7710,531.54,531.54
70577,614.72,614.72
69825,745.85,745.85
3751,293.93,293.93
52285,220.61,220.61
14398,440.64,440.64
29680,262.45,262.45
36188,258.38,258.38
36265,419.26,419.26
78666,195.23,195.23
3959,359.42,359.42
77772,681.34,681.34
44422,487.9,487.9
93244,470.64,470.64
57087,128.89,128.89
10054,369.34,369.34
61607,389.75,389.75
36462,926.01,926.01
40708,252.93,252.93
32076,187.35,187.35
79044,422.08,422.08
82825,348.9,348.9
77030,359.64,359.64
93260,406.67,406.67
43831,397.29,397.29
33315,365.65,365.65
9101,342.48,342.48
7993,147.13,147.13
41498,308.92,308.92
51105,194.61,194.61
67174,364.6,364.6
14678,268.94,268.94
79422,145.55,145.55
71607,540.71,540.71
24364,460.75,460.75
87258,157.68,157.68
46621,148.01,148.01
4218,361.63,361.63
23651,162.18,162.18
1604,776.25,776.25
46277,190.57,190.57
45095,650.06,650.06
65690,292.33,292.33
71296,369.37,369.37
78307,682.41,682.41
79855,462.62,462.62
64388,377.16,377.16
14140,775.99,775.99
24260,453.7,453.7
67496,491.41,491.41
9670,355.26,355.26
49344,319.8,319.8
6154,285.42,285.42
80950,309.55,309.55
52967,391.3,391.3
95935,447.68,447.68
95165,454.41,454.41
7557,587.46,587.46
87574,451.51,180.6
95520,157.54,157.54
62961,443.82,443.82
16138,104.48,104.48
11619,497.71,497.71
94145,290.32,290.32
56776,1059.41,1059.41
3210,153.84,153.84
27512,158.11,158.11
55225,822.25,822.25
9156,143.26,143.26
40471,438.74,438.74
84511,305.66,305.66
12830,419.52,419.52
23904,516.94,516.94
90897,725.39,725.39
71016,506.68,506.68
6468,509.42,509.42
11184,292.56,292.56
5668,545.66,545.66
64081,580.3,580.3
68594,296.08,296.08
97153,582.12,582.12
82309,796.31,796.31
41689,639.42,639.42
65326,484.13,484.13
27509,178.31,178.31
95824,184.68,184.68
29448,386.49,386.49
43250,939.69,939.69
38946,517.88,517.88
2952,368.93,368.93
21343,490.59,490.59
52376,349.55,349.55
59661,190.45,190.45
30701,1026.71,1026.71
54544,120.58,120.58
994,685.99,685.99
86634,154.13,154.13
8446,373.85,373.85
80187,116.68,116.68
57143,105.63,105.63
37044,654.61,654.61
76633,259.95,259.95
94729,207.03,207.03
55567,518.98,518.98
20888,730.97,730.97
79061,565.64,565.64
35279,455.57,455.57
82307,80.71,80.71
39946,290.38,116.15
21107,210.85,84.34
38576,484.25,484.25
7976,472.74,472.74
11978,468.95,468.95
71713,507.17,507.17
85193,312.87,312.87
60750,247.16,247.16
27129,270.93,270.93
76131,198.23,198.23
23795,378.97,378.97
78043,664.6,664.6
35790,92.34,92.34
21985,228.2,228.2
21654,293.37,293.37
49780,551.11,551.11
89313,103.32,103.32
35741,213.39,213.39
82281,317.97,317.97
74600,434.29,434.29
7416,147.98,147.98
75541,373.17,373.17
41920,362.33,362.33
44414,749.47,749.47
49457,468.1,468.1
25305,271.1,271.1
58059,314.48,314.48
80544,693.17,693.17
39600,516.93,516.93
56526,311.43,311.43
78011,583.89,583.89
91889,158.33,158.33
47306,457.51,457.51
97540,354.4,354.4
99302,573.26,573.26
86500,261.67,261.67
99497,512.31,512.31
70788,463.32,463.32
37358,474.71,474.71
35118,328.41,328.41
57162,188.85,188.85
53480,383.79,383.79
2215,545.14,545.14
53385,411.07,411.07
37757,430.09,430.09
44930,171.62,171.62
93556,375.68,375.68
18105,298.81,298.81
2885,285,285
146,330.12,330.12
64344,78.66,78.66
79264,384.27,384.27
46527,179.81,179.81
23880,400,400
80492,239.05,239.05
23139,820.33,820.33
74570,363.44,363.44
32618,278.82,278.82
55003,774.27,774.27
13778,357.44,357.44
23230,419.75,419.75
11919,322.96,322.96
69132,283.92,283.92
40019,741.36,741.36
38652,726.98,726.98
94914,646.29,646.29
26261,661.28,661.28
46023,327.74,327.74
65841,533.44,533.44
53565,266.37,266.37
20537,564.49,564.49
69379,594.71,594.71
56816,302.65,302.65
89453,271.91,271.91
30623,628.4,628.4
6716,909.33,909.33
30311,207.73,207.73
65156,309.16,309.16
47874,291.62,291.62
29153,456.08,456.08
27340,659.18,659.18
35832,592.51,592.51
62807,347.88,347.88
3524,559.99,559.99
53318,434.7,434.7
56641,590.46,590.46
13791,225.3,225.3
88562,464.47,464.47
51924,294.94,294.94
73842,421.02,421.02
5785,726.32,726.32
35525,366.94,366.94
39580,499.58,499.58
9599,461.5,461.5
75669,526.21,526.21
98561,294.24,294.24
43807,727.85,727.85
48532,450.44,450.44
52241,540.96,540.96
39147,755.67,755.67
53306,374.17,374.17
4471,401.53,401.53
56012,581.22,581.22
26155,351.75,351.75
27769,425.57,425.57
94787,257.39,257.39
91577,477.17,477.17
39591,159.02,159.02
84289,512.69,512.69
7918,239.33,239.33
22599,536.21,536.21
27256,314.22,314.22
68903,281.88,281.88
5643,203.29,203.29
96558,265.52,265.52
46814,387.67,387.67
75649,423.29,423.29
92804,272.72,272.72
2155,399.86,399.86
57870,592.1,592.1
88886,294.39,294.39
90792,587.5,587.5
12380,469.55,469.55
79265,357.21,357.21
69719,377.46,377.46
47337,330.6,330.6
3508,405.51,405.51
26287,391.54,391.54
97309,654.59,654.59
85588,535.51,535.51
67741,353.28,141.31
9709,111.07,111.07
86489,491.35,491.35
70354,373.26,373.26
13436,324.07,324.07
6239,403.28,403.28
47127,243.28,243.28
98238,293.13,293.13
30681,163.37,163.37
55540,407.67,407.67
33457,425.57,425.57
14729,144.69,144.69
56389,272.77,272.77
85575,248.81,248.81
8143,470.77,470.77
82536,409.13,409.13
42049,745.19,745.19
2640,202.92,202.92
2740,714.23,714.23
10538,367.36,367.36
69970,545.89,545.89
50028,417.05,417.05
98048,307.61,307.61
27487,679.8,679.8
37408,711.79,711.79
66677,226.62,226.62
81413,354.77,354.77
70246,316.38,316.38
36844,272.96,272.96
25134,641.48,641.48
36380,559.63,559.63
78718,339.03,339.03
2933,517.89,517.89
5590,676.34,676.34
50165,846.39,846.39
76500,420.85,420.85
78060,508.97,508.97
68924,331.87,331.87
56024,284.23,284.23
74219,202.69,202.69
44693,270.1,270.1
50079,442.09,442.09
56402,299.12,299.12
52311,1029.3,1029.3
77179,706,706
80369,488.43,488.43
88010,372.12,372.12
44156,268.2,268.2
5743,376.4,376.4
21217,172.91,172.91
6357,394.86,394.86
56086,529.97,529.97
13387,663.86,663.86
21019,347.57,347.57
91278,389.86,389.86
72664,627.35,627.35
99848,80.19,80.19
7826,879.18,879.18
37446,168.42,168.42
18587,685.75,685.75
74155,347.18,347.18
8623,305.45,305.45
80768,690.43,690.43
27457,634.21,253.68
13683,381.64,152.66
89540,490.73,490.73
21676,417.38,417.38
82844,416.53,416.53
45416,381.05,381.05
98989,512.66,512.66
74167,329.61,329.61
51071,343.4,343.4
12113,276.25,276.25
61616,627.28,627.28
90165,286.43,286.43
50642,616.12,616.12
64540,692.08,692.08
69482,404.9,404.9
61205,119.92,119.92
56834,389.09,389.09
90498,150.93,150.93
35189,337.29,337.29
27138,641.17,641.17
72231,423.53,423.53
79899,723.34,723.34
76168,332.34,332.34
64112,447.64,447.64
96344,268.94,268.94
93898,245.64,245.64
16346,593.33,237.33
33876,438.44,438.44
7017,373.5,373.5
91323,566.32,566.32
73214,357.5,357.5
37808,528.99,528.99
92569,517.14,517.14
6244,234.81,234.81
14196,270.45,270.45
29742,554.85,554.85
72265,280.32,280.32
36757,117.56,117.56
49834,489.9,489.9
86845,538.75,538.75
4632,443.93,443.93
18736,415,415
19585,551.12,551.12
77346,504.36,504.36
24103,409.05,409.05
16829,392.71,392.71
99407,659.84,659.84
96492,1109.32,1109.32
64999,370.32,370.32
89961,337.64,337.64
11548,377.04,377.04
39783,367.49,367.49
43578,368.73,368.73
22819,469.73,469.73
49315,629.13,629.13
62676,563.74,563.74
23624,876.04,876.04
53186,642.34,642.34
10758,131.25,131.25
77292,349.68,349.68
90852,244.36,244.36
44331,497.27,497.27
18608,1090.25,1090.25
48652,497.21,497.21
32956,291.11,291.11
68519,354.71,354.71
92943,666.35,666.35
18462,455.08,455.08
11044,821.93,821.93
29078,325.89,325.89
67930,426.47,426.47
52300,293.58,293.58
37961,881.96,881.96
19607,452.98,452.98
88773,318.88,318.88
33314,494.74,494.74
66961,198.18,198.18
95102,477,477
99274,816.62,816.62
7603,409.08,409.08
22202,821.17,821.17
25645,445.63,445.63
30454,459.42,459.42
77731,307.83,307.83
9310,98.55,98.55
9940,317.13,317.13
58590,181.5,181.5
76164,341.01,341.01
83612,392.55,392.55
37260,466.91,466.91
5838,411.59,411.59
4932,403.42,403.42
36387,298.45,298.45
37602,483.2,483.2
60030,456.56,456.56
72040,509.04,509.04
91811,560.45,560.45
51250,572.45,572.45
49847,360.9,360.9
91265,626.82,626.82
19936,776.33,776.33
41507,384.86,384.86
53527,473.05,473.05
27577,263.95,263.95
45042,739.72,739.72
45916,542.97,542.97
21553,394.81,394.81
69396,433.44,433.44
64891,341.1,341.1
25056,344.4,344.4
43001,607.21,607.21
11702,604.13,604.13
4911,261.76,261.76
43231,308.53,308.53
91342,118.2,118.2
37340,340.58,340.58
43583,429.47,429.47
43474,242.45,242.45
4152,96.21,96.21
3653,492.39,492.39
53381,240.17,240.17
84738,303.82,303.82
59794,238.25,238.25
96806,430.27,430.27
17282,377.3,150.92
46940,431.74,431.74
24860,511.7,511.7
70241,331.58,331.58
16092,595.35,595.35
1087,450.16,450.16
11006,337.57,337.57
93016,583.64,583.64
36735,500.01,500.01
67066,528.8,528.8
90260,625.98,625.98
54742,409.75,409.75
60070,386.81,386.81
9517,454.02,454.02
81326,839.21,839.21
51445,667.81,667.81
79968,544.51,544.51
32475,567.86,567.86
83031,94.43,94.43
39429,338.23,338.23
25714,1020.41,1020.41
79920,235.3,235.3
20300,619.51,619.51
24333,213.97,213.97
4072,625.38,625.38
42699,266.45,266.45
23429,251.73,251.73
23899,304.8,304.8
96548,218.04,218.04
89626,308.72,308.72
67116,408.41,408.41
46807,344.29,344.29
94001,249.99,249.99
48009,931.1,931.1
76862,447.29,447.29
87666,544.79,544.79
46411,440.99,440.99
7322,238.66,238.66
61787,65.07,65.07
42103,191.35,191.35
80374,203.17,203.17
20013,251.11,251.11
50211,291.67,291.67
74725,446.75,446.75
61540,963.53,963.53
25564,286.6,286.6
18195,34.18,34.18
12308,229.11,229.11
15086,440.22,440.22
49598,420.93,420.93
72144,427.06,427.06
43034,278.83,278.83
93729,396.29,396.29
20258,561.55,561.55
72706,169.46,169.46
13173,283.69,283.69
53398,448.74,448.74
24921,616.8,616.8
44282,76.96,76.96
76909,310.78,310.78
67747,201.92,201.92
12855,481.16,481.16
25770,314.06,314.06
86909,399.8,399.8
98556,539.99,539.99
74495,327.98,327.98
96226,332.85,332.85
19085,603.31,603.31
29045,226.09,226.09
25451,311.32,311.32
99531,233.45,233.45
97996,363.2,363.2
16006,676.14,676.14
50692,381.26,381.26
60413,418.78,418.78
44352,503.21,503.21
26972,267.37,267.37
91121,459.71,459.71
61831,508.63,508.63
57582,315.93,315.93
17423,598.4,598.4
96875,210.19,210.19
94379,177.41,177.41
64168,449.07,449.07
44975,890.46,890.46
51156,154.55,154.55
35996,153.27,61.31
62907,339.93,339.93
39363,324.43,324.43
14453,269.17,269.17
88273,292.21,292.21
63601,234.12,234.12
4647,698.37,698.37
80386,553.69,553.69
21871,91.14,91.14
86731,281.14,281.14
94600,717.11,717.11
22012,213.98,213.98
40775,96.61,96.61
43902,388.92,388.92
68502,494.87,494.87
52635,439.56,439.56
97581,443.5,443.5
67488,454.31,454.31
58790,558.3,558.3
37997,469.69,469.69
76945,141.24,141.24
61791,272.74,272.74
76321,593.5,593.5
54661,295.75,295.75
82950,389.15,389.15
60271,502.81,502.81
80154,282.91,282.91
83281,459.14,459.14
70844,436.41,436.41
27002,408.25,408.25
45961,450.3,450.3
92920,197.02,197.02
77556,529.52,529.52
81229,285.24,285.24
51438,330.19,330.19
42337,784.74,784.74
52921,582.67,582.67
14825,364.88,364.88
32241,679.08,679.08
34881,1041.99,1041.99
79659,590.01,590.01
40448,559.42,559.42
20598,184.38,184.38
43449,339.77,339.77
75486,430.68,430.68
34895,371.89,371.89
89892,317.78,317.78
45165,481.48,481.48
7714,505.16,505.16
65455,200.34,200.34
98955,349.99,349.99
93518,326.21,326.21
47135,469.69,469.69
56953,649.55,649.55
46996,210.79,210.79
75167,485.95,485.95
93548,439.82,439.82
95785,244.49,244.49
23489,304.17,304.17
12499,282.66,282.66
96158,469.93,469.93
85014,1189.66,1189.66
84387,213.17,213.17
42056,266.6,266.6
62125,306.91,306.91
63191,552.09,552.09
59229,325.9,325.9
82429,278.87,278.87
11857,360.57,360.57
2919,151.3,151.3
93026,303.1,303.1
66156,508.28,508.28
36306,493.42,493.42
18852,458.08,458.08
432,593.65,593.65
71701,272.79,272.79
14312,76.93,76.93
12861,507.53,507.53
11340,279.92,279.92
29919,681.1,681.1
14697,220.59,220.59
14405,359.2,359.2
60530,410.66,410.66
6230,349.17,349.17
38461,588.4,588.4
99604,338.93,338.93
38977,358.77,358.77
11324,400.68,400.68
60368,645.5,645.5
53864,740.7,740.7
9063,700.38,700.38
84318,292.3,292.3
42867,395.2,395.2
21032,150.31,150.31
38791,141.22,141.22
10137,243.26,243.26
42475,876,876
75616,623.7,623.7
67395,745.18,745.18
97211,345.83,345.83
12522,864.4,864.4
60490,390.94,390.94
20634,779.02,779.02
1595,615.56,615.56
1692,607.25,607.25
49165,514.31,514.31
77844,362.98,362.98
76446,88.22,88.22
63287,235.61,235.61
97117,344.28,344.28
28760,543.34,543.34
91144,414.3,414.3
90643,428.34,428.34
41656,779.17,779.17
97399,241.98,241.98
89719,549.26,549.26
78562,329.04,329.04
24000,607.41,607.41
35369,418.24,418.24
49157,911.21,911.21
8061,363.44,363.44
67153,251.75,251.75
99933,206.9,206.9
19372,134.08,134.08
29274,373.02,373.02
44472,557.61,557.61
5397,333.9,333.9
27332,302.33,302.33
40176,648,648
118,559.19,559.19
31708,515.65,515.65
80230,664.36,664.36
93165,189.42,189.42
48478,254.6,254.6
39052,247.62,247.62
26221,120.52,120.52
20205,570.45,570.45
30960,89.73,35.89
46490,388.4,388.4
23549,718.86,718.86
82537,800.67,800.67
22064,512.02,512.02
72076,695.62,695.62
52103,585.03,585.03
4528,231.89,231.89
16861,668.15,668.15
85195,847.81,847.81
84079,251.88,251.88
40967,398.25,398.25
52199,308.89,308.89
76656,497.55,497.55
54631,192.73,192.73
68435,418.05,418.05
65112,408.75,408.75
10939,603.85,603.85
23934,174.33,174.33
69953,607.62,607.62
29355,896.75,896.75
99617,255.23,255.23
45373,251.31,251.31
70820,189.73,189.73
27007,583.79,583.79
42588,340.33,340.33
86415,275.15,275.15
54377,435.88,435.88
49829,315.8,315.8
47910,654.87,654.87
83171,304.1,304.1
87743,347.99,347.99
19299,261.63,261.63
58501,386.36,386.36
37991,450.43,450.43
7886,733.21,733.21
78163,988.75,988.75
47728,454.5,454.5
82692,202.95,202.95
8332,611.8,611.8
14972,238.42,238.42
92106,209.3,83.72
4549,345.32,345.32
60885,493.77,493.77
85325,353.06,353.06
89205,480.29,480.29
60855,728.16,728.16
32174,207.65,207.65
37248,1041.44,1041.44
36797,455.83,455.83
99028,336.35,336.35
6131,201.9,201.9
94088,321.86,321.86
26708,262.6,262.6
96959,712.32,712.32
92363,274.13,274.13
8864,250.63,250.63
4902,430.53,430.53
85936,268.63,268.63
91651,297.65,297.65
98831,508.37,508.37
42192,409.64,409.64
10946,373.45,373.45
69823,793.26,793.26
86157,157.45,157.45
53304,346.7,346.7
95755,295.58,295.58
91866,73.8,73.8
91983,467.72,467.72
45741,325.1,325.1
13732,306.42,306.42
74773,244.58,244.58
68310,283.62,283.62
86632,231.01,231.01
84098,570.58,570.58
95317,633.66,633.66
7396,596.74,596.74
90004,494.37,197.75
16338,405.92,405.92
74787,399.86,399.86
17201,822.73,822.73
7117,271.6,271.6
63268,420.54,420.54
68187,289.23,289.23
9767,152.19,152.19
98756,104.55,104.55
63825,795.72,795.72
84651,702.38,702.38
17997,173.73,173.73
6122,762.65,762.65
80031,196.85,196.85
77392,550.24,550.24
54972,390.33,390.33
59721,616.23,616.23
27786,582.91,582.91
4852,314.74,314.74
18734,324.61,324.61
79252,132.9,132.9
77782,323.99,323.99
72681,651.26,651.26
76211,366.71,366.71
19609,514.89,514.89
55292,317.54,317.54
71797,412.95,412.95
29219,330.18,330.18
9890,367.68,367.68
20542,461.62,461.62
20307,478.7,478.7
7538,183.46,183.46
2139,355.19,355.19
44020,554.92,554.92
92962,59.46,59.46
3300,281.07,281.07
32535,431.96,172.78
82438,481.47,481.47
37590,238.34,238.34
89149,266.5,266.5
68151,464.06,464.06
78346,478.69,478.69
13137,160.23,160.23
17741,339.05,339.05
55666,426.33,426.33
35103,260.99,260.99
94134,462.6,462.6
85184,201.06,201.06
27583,105.15,105.15
71123,304.56,304.56
39672,463.91,463.91
21808,1011.39,1011.39
68230,137.18,137.18
99015,281.38,281.38
27217,608.28,608.28
59845,644.84,644.84
35518,441.44,441.44
20853,734.19,734.19
37458,554.27,554.27
10883,132.14,132.14
82390,302.97,302.97
57529,637.65,637.65
37668,121.49,121.49
95372,402.76,402.76
76399,469.06,469.06
15748,423.05,423.05
28581,438.41,438.41
49963,455.5,455.5
96315,239.26,95.7
47739,486.44,486.44
95715,457.42,457.42
34193,283.88,283.88
94242,364.22,364.22
10123,555.12,555.12
44451,259.26,259.26
22516,507.16,507.16
64553,432.18,432.18
90331,220.87,220.87
95807,153.56,153.56
34334,327.01,327.01
99279,274.91,274.91
14879,397.79,397.79
45607,274.75,274.75
56940,333.5,333.5
21144,509.94,509.94
60214,627.62,627.62
32966,407.79,407.79
82826,326.83,326.83
53789,444.43,444.43
49910,272.06,272.06
9430,251.71,251.71
25955,832.6,832.6
805,371.72,371.72
94445,657.88,657.88
16188,649.78,649.78
22829,229.41,229.41
72951,341.16,136.46
42948,282.39,282.39
56996,599.29,599.29
45868,222.34,222.34
73936,1107.89,1107.89
62581,377.49,377.49
38061,267.53,267.53
6995,355.15,355.15
20055,284.27,284.27
94316,478.1,478.1
71332,599.73,599.73
51588,464.81,464.81
83160,473.86,473.86
32444,133.1,133.1
99146,353.19,353.19
23322,378.66,378.66
56579,446.18,446.18
1308,534.6,534.6
53798,411.6,411.6
12112,394,394
92808,330.02,330.02
12247,299.77,119.91
20108,293.31,293.31
93767,695.46,695.46
14628,452.17,452.17
53213,592.87,592.87
19507,619.56,619.56
85471,330.43,330.43
81316,874.85,874.85
6988,72.67,72.67
76001,1230.94,1230.94
53198,505.78,505.78
23959,187.95,187.95
1969,201.55,201.55
67772,662.55,662.55
95614,226.39,90.56
29296,515.32,515.32
71361,653.56,653.56
99252,765.73,765.73
6843,179.7,179.7
14366,310.6,310.6
35760,646.36,646.36
3467,248.19,248.19
42016,515.66,515.66
23365,421.56,421.56
97083,849.02,849.02
23665,336.75,336.75
74822,235.76,235.76
7252,289.61,289.61
89946,734.09,734.09
33705,670.89,670.89
71418,743,743
52259,611.5,611.5
28497,207.04,207.04
37651,594.88,594.88
40201,785.89,785.89
59284,567.93,567.93
42774,311.39,311.39
95414,337.08,337.08
66918,454.17,454.17
27331,424.2,424.2
69011,243.05,243.05
78909,559.53,559.53
73965,463.01,463.01
7964,548.11,548.11
38009,400.51,400.51
45843,158.96,158.96
51328,312.41,312.41
63497,445.94,445.94
72329,276.71,276.71
57809,252.24,252.24
72195,885.24,885.24
3335,237.32,237.32
52495,118.78,118.78
39294,273.83,273.83
81829,287.27,287.27
32760,599.3,599.3
78144,435.69,435.69
43909,174.49,174.49
23733,264.88,264.88
5167,254.36,254.36
18745,227.24,227.24
49666,601.71,601.71
88715,632.34,632.34
23653,289.5,289.5
82803,654.7,654.7
48031,225.36,225.36
36217,203.83,203.83
78576,390.47,390.47
16427,200.92,200.92
63800,177.7,177.7
49830,356.42,356.42
70228,535.87,535.87
17218,590.33,590.33
50713,201.09,201.09
48835,373.34,373.34
39805,617.63,617.63
14000,248.71,248.71
28364,169.25,169.25
24581,451.17,451.17
23927,454.81,454.81
65183,476.68,476.68
30568,14.47,14.47
4496,237.11,237.11
57234,427.06,427.06
26378,163.12,163.12
60889,237.25,237.25
35765,390.59,390.59
29599,324.88,324.88
14829,419.26,419.26
87796,177.97,177.97
15744,262.85,262.85
90014,33.33,33.33
50342,263.92,263.92
81905,544.11,544.11
87501,453.12,453.12
72825,155.35,155.35
61047,259.6,259.6
97281,147.17,147.17
35420,320.63,320.63
77201,110.84,110.84
60935,312.98,312.98
13551,132.1,132.1
43422,561.68,561.68
67078,111.24,111.24
77778,242.99,242.99
87268,211.44,211.44
65347,399.5,399.5
86621,237.03,237.03
59357,306.04,306.04
98200,252.84,101.14
91787,494.26,494.26
1667,196.39,196.39
56912,252.46,252.46
17312,748.22,748.22
5783,214.13,214.13
90225,799.11,799.11
13291,802.87,802.87
225,507.18,507.18
71919,205.7,205.7
32339,349.84,349.84
73731,234.81,234.81
2410,348.83,348.83
33117,388.84,388.84
58965,790.46,790.46
79453,368.96,368.96
70903,330.87,330.87
1832,141.72,141.72
83149,322.17,322.17
43318,388.58,388.58
46524,302.12,302.12
2766,142.8,142.8
51069,505.71,505.71
71022,321.56,321.56
22730,252.55,252.55
77455,98.22,98.22
18113,257.06,257.06
7948,725.78,725.78
69988,232.91,232.91
46509,353.72,353.72
68591,613.05,613.05
84518,285.89,285.89
546,269.3,269.3
50938,579.02,579.02
81439,573.24,573.24
22185,285.79,285.79
12075,461.4,461.4
34066,385.24,385.24
77138,385.39,385.39
52207,331.18,331.18
81023,359.4,359.4
16429,848.72,848.72
97196,405.9,405.9
42448,170.97,170.97
68559,374.07,374.07
34718,581.22,581.22
73254,343.81,343.81
27311,132.58,132.58
54010,540.63,540.63
35486,281.26,281.26
35995,630.45,630.45
59274,402.93,402.93
43336,357.43,357.43
31839,154.53,154.53
48377,531.82,531.82
97036,666.02,666.02
57220,491.6,491.6
47441,54.76,54.76
42734,397.83,397.83
11105,191.35,191.35
74326,474.72,474.72
76441,378.05,378.05
77998,143.73,143.73
41615,327.75,327.75
91464,433.61,433.61
11585,157.51,157.51
24188,303.22,303.22
94527,686.4,686.4
38221,416.75,416.75
16442,596.34,596.34
50504,661.58,661.58
8983,423.66,423.66
48729,770.61,770.61
7218,420.53,420.53
40037,516.3,516.3
60996,426.87,426.87
8214,610.06,610.06
12486,1064.23,1064.23
98790,558.36,558.36
26010,240.1,240.1
49866,294.95,294.95
13329,282.36,282.36
41737,332.87,332.87
52382,504.95,504.95
77259,367.43,367.43
15374,526.51,526.51
25111,376.09,376.09
67231,259.99,259.99
49626,200.42,200.42
51132,854.94,854.94
4640,231.32,231.32
8201,482.02,482.02
80493,271.16,271.16
76199,236.35,236.35
29087,291.47,291.47
28257,415.32,415.32
47475,215.7,215.7
10925,377.1,377.1
72425,388.88,388.88
74227,262.67,262.67
76594,404.98,404.98
16989,208.21,208.21
42647,132.92,132.92
68460,504.32,504.32
31793,219.29,219.29
5345,147.84,147.84
99698,249.73,249.73
10895,211.54,211.54
34658,220.38,220.38
11974,293.67,293.67
40522,456.86,456.86
27915,339.79,339.79
80560,1150.9,1150.9
72783,486.95,486.95
72585,521.7,521.7
25646,420.8,420.8
67454,218.2,218.2
42490,262.94,262.94
27035,597.71,597.71
96237,227.18,227.18
55133,709.73,709.73
70717,219.88,219.88
75234,449.47,449.47
50831,472.53,472.53
30474,288.44,288.44
19125,634.58,634.58
58972,561.93,561.93
96339,267.84,267.84
89449,440.9,440.9
45248,290.35,290.35
55518,396.39,396.39
3188,411.7,411.7
27837,255.6,255.6
79638,66.36,66.36
66041,684.86,684.86
71003,511.72,511.72
17199,456.5,456.5
5776,464.16,464.16
8068,379.95,379.95
72251,278.71,278.71
71290,476.61,476.61
55132,668.19,668.19
32036,203.53,203.53
1008,474.95,474.95
77671,271.35,108.54
85267,294.68,294.68
18010,171.47,171.47
25272,268.67,268.67
22616,227.04,227.04
16324,372.1,372.1
3558,251.45,251.45
4480,216.25,216.25
62238,525.54,525.54
51035,337.96,337.96
69244,206.63,206.63
12024,648.87,648.87
55045,325.23,325.23
45242,786.32,786.32
13316,198.57,198.57
51,284.51,284.51
2569,191.25,191.25
23205,54.69,54.69
59365,221.64,221.64
20047,942.65,942.65
4613,626.21,626.21
49143,633.09,633.09
21836,820.86,820.86
77846,390.23,390.23
83330,271.75,108.7
10691,144.06,144.06
58155,229.59,229.59
57435,199.54,199.54
99283,304.3,304.3
82794,274.71,274.71
81347,1016.27,1016.27
36211,295.21,295.21
1744,349.28,349.28
55996,411.27,411.27
49057,543.32,543.32
63502,124.27,124.27
98579,181.63,181.63
68515,185.61,185.61
46601,516.9,516.9
33101,137.76,137.76
85855,447.9,447.9
58353,145.9,145.9
52202,213.88,213.88
17798,746.67,746.67
91469,215.71,215.71
93251,238.91,238.91
76649,465.22,465.22
17692,667.31,667.31
22362,278.15,278.15
59402,279.29,279.29
77036,569.36,569.36
68583,514.88,514.88
72330,236.3,236.3
72235,324.77,324.77
82785,339.57,339.57
13787,486.61,486.61
82724,220.14,220.14
77894,185.55,185.55
27448,530.73,530.73
38510,223.85,223.85
59759,260.73,260.73
8688,492.02,492.02
57115,499.94,499.94
30927,170,170
12845,253.63,253.63
74946,155.36,155.36
71135,334.26,334.26
71459,151.74,151.74
73817,307.69,307.69
18311,685.88,685.88
27181,156.65,156.65
23029,212.3,212.3
78057,401.02,401.02
81293,313.14,313.14
78862,319.01,319.01
97156,370.44,370.44
95965,522.71,522.71
30446,529.67,529.67
217,414.52,414.52
13059,583.61,583.61
86541,470.99,470.99
33394,449.16,449.16
98382,269.55,269.55
2434,303.46,303.46
85722,212.51,212.51
19030,223.74,223.74
41792,202.58,202.58
23584,218.76,218.76
1118,180.92,180.92
63567,125.21,125.21
15776,791.64,791.64
86057,297.33,297.33
34711,328.79,328.79
34002,411.88,411.88
68595,548.21,548.21
33828,333.05,333.05
81995,191.64,191.64
92044,321.68,321.68
12549,417.2,417.2
83692,271.64,271.64
89996,372.74,372.74
28145,544.54,544.54
48353,234.29,234.29
22403,110.26,44.1
45941,311.63,311.63
34452,309.78,309.78
17142,392.01,392.01
21214,430.11,430.11
38318,303.36,303.36
87073,287,287
78793,384.83,384.83
55395,673.35,673.35
30830,423.3,169.32
47838,279.99,279.99
1922,126.19,126.19
84686,315.53,315.53
66200,281.27,281.27
3514,427.68,427.68
86627,501.81,501.81
21129,301.11,301.11
96872,146.04,146.04
67429,160.46,160.46
6409,248.81,248.81
38924,279.13,279.13
80042,362.08,362.08
32895,374.39,374.39
42536,472.47,472.47
81544,427.78,427.78
85273,256.87,256.87
73126,352.02,352.02
15626,184.71,184.71
98309,139.24,139.24
96329,530.72,530.72
42205,186.66,186.66
2594,296.29,296.29
85552,981.99,392.8
7501,144.57,144.57
6808,217.15,217.15
64544,399.78,399.78
5469,372.15,372.15
57177,328,328
72564,521.33,521.33
21757,326.47,326.47
77769,207.21,207.21
63071,563.3,563.3
86098,323.9,323.9
12692,312.45,312.45
24682,302.23,302.23
99150,514.03,514.03
66411,169.56,169.56
94710,464.91,464.91
46224,796.95,796.95
47090,368.51,368.51
92011,148.56,59.42
92604,779,779
83073,652.79,652.79
42849,360.94,360.94
64159,388.84,388.84
54401,417.23,417.23
37638,608.67,608.67
78677,110.34,110.34
46587,731.5,731.5
29020,250.42,250.42
51717,98.78,98.78
74281,215.46,215.46
1794,610.97,610.97
44268,298.12,298.12
77867,374.63,374.63
39514,432.04,432.04
98879,638.36,638.36
28658,108.78,108.78
18092,249.47,249.47
2571,406.14,406.14
67854,910.05,910.05
26169,532.17,532.17
61916,284.18,284.18
21429,644.27,644.27
3586,748.21,748.21
68814,319.1,319.1
63011,385.17,385.17
75272,510.93,510.93
83758,154.38,154.38
87783,214.9,214.9
87585,429.05,429.05
49473,863.27,863.27
69229,336.61,336.61
8716,450.76,450.76
30993,318.49,318.49
60788,375.77,375.77
94714,269.63,269.63
78925,251.44,251.44
32725,185.07,74.03
90807,595.88,595.88
49597,1315.05,1315.05
42158,127.46,127.46
52121,993.57,993.57
80699,241.94,241.94
56077,437.25,437.25
3874,68.79,68.79
77525,623.56,623.56
90296,232.2,232.2
18371,307.08,307.08
83722,569.1,569.1
88590,454.29,454.29
99256,259.72,259.72
28508,350.46,350.46
60860,555.91,555.91
83130,579.41,579.41
40307,410.75,410.75
26014,103.99,103.99
32637,194.67,194.67
57458,362.94,362.94
91772,738.43,738.43
13359,1262.85,1262.85
98876,414.62,414.62
18972,335.6,335.6
89417,372.72,372.72
28164,157.46,157.46
57063,277.19,277.19
50630,578.14,578.14
10974,270.21,270.21
14517,279.62,279.62
86317,246.22,246.22
27813,189.71,189.71
25165,278.05,278.05
58216,434.25,434.25
36073,174.3,174.3
29378,386.56,386.56
40837,393.59,393.59
43600,508.14,508.14
6080,722.45,722.45
47482,621.73,621.73
39549,593.35,593.35
38896,445.42,445.42
54157,675.19,675.19
28727,550.27,550.27
32190,596.3,596.3
16358,350.02,350.02
93840,348.33,348.33
1313,170.44,170.44
63320,325.14,325.14
24427,114.24,114.24
92427,400.48,400.48
81878,183.14,183.14
44804,351.27,351.27
52686,99.08,99.08
14323,321.4,321.4
52609,432.09,432.09
20335,564.01,564.01
16896,491.14,491.14
64621,195.07,195.07
99720,654.23,654.23
10240,388.95,388.95
87887,666.13,666.13
1843,447.58,447.58
12356,241.2,96.48
66843,211.44,211.44
1047,352.79,352.79
58479,598.33,598.33
82717,204.79,204.79
27789,359.14,359.14
90300,130.09,130.09
36418,816.53,816.53
48493,469.69,469.69
63047,202.19,202.19
47461,313.42,313.42
78336,359.43,359.43
51772,322.64,322.64
91738,897.3,897.3
62406,627.74,627.74
10886,150.9,150.9
96910,152.35,152.35
90606,116.55,116.55
33776,108.66,108.66
87494,489.8,489.8
3090,124.11,124.11
82363,226.66,226.66
55711,279.56,279.56
62440,678.36,678.36
57548,365.21,365.21
93856,322.17,322.17
67891,208.69,208.69
30109,250.38,250.38
53751,320.1,320.1
14548,204.63,204.63
15350,473.02,473.02
31532,469,469
17092,506.66,506.66
71855,614.6,614.6
35955,98.42,98.42
94951,849.9,849.9
46700,974.81,974.81
31873,352.27,352.27
6304,292.13,292.13
46727,263.03,263.03
20509,100.27,100.27
95287,277.03,277.03
15893,237.59,237.59
18994,127.9,127.9
5732,599.42,599.42
84756,629.91,629.91
79478,544.8,544.8
53590,338.74,338.74
72035,322.92,322.92
99337,189.96,189.96
96669,467.44,467.44
5964,191.77,191.77
71279,132.79,132.79
60863,578.36,578.36
22831,478.89,478.89
41597,632.16,632.16
21683,475.98,475.98
49654,485.5,485.5
80735,569.9,569.9
15555,227.43,227.43
67152,453.15,453.15
37417,336.09,336.09
25220,831.44,831.44
71832,1001.82,1001.82
61977,349.86,349.86
59570,450.14,450.14
94955,248.77,248.77
41391,655.93,655.93
83376,408.74,408.74
76014,392.18,392.18
20029,420.76,420.76
99264,367.06,367.06
70401,456.7,456.7
19970,325.25,325.25
77891,316.34,316.34
63715,265.77,265.77
11143,486.21,486.21
29071,344.68,137.87
90226,597.9,597.9
24390,229.43,229.43
77405,907.06,907.06
34382,450.3,450.3
61036,387.67,387.67
18286,450.57,450.57
91853,134.83,134.83
29450,921.69,921.69
53877,451.91,451.91
88626,213.19,213.19
45736,169.97,169.97
75182,217.49,217.49
75319,414.35,414.35
79893,276.13,276.13
15938,459.47,459.47
93023,642.94,642.94
61344,421.5,421.5
18873,225.31,225.31
60781,171.36,171.36
14764,396.25,396.25
67180,254.39,254.39
57211,378.91,378.91
62249,78.57,78.57
85711,730.82,730.82
63297,299.94,299.94
31757,504.24,504.24
20758,171.64,171.64
72247,570.79,570.79
58263,309.46,309.46
78182,407.17,407.17
98997,482.97,482.97
90392,252.2,252.2
43845,196.3,196.3
22283,412.18,412.18
78972,198.43,198.43
74855,834.24,834.24
41420,689.6,689.6
10447,318.29,318.29
14754,212.81,212.81
90348,364.44,364.44
74858,884.51,884.51
46590,298.78,298.78
95905,939.11,939.11
55514,333.06,333.06
64121,192.15,192.15
38795,320.45,320.45
76282,192.2,192.2
52250,421.73,421.73
80429,303.06,303.06
8955,128.88,128.88
14075,500.26,500.26
83546,211.23,211.23
41334,749.71,749.71
82388,415.16,415.16
39121,182.41,182.41
90783,543.95,543.95
78162,639.24,639.24
2711,292.68,292.68
15669,605.33,605.33
78693,538.61,538.61
63106,304.61,304.61
19232,238.22,238.22
20250,241.69,241.69
74531,844.36,844.36
73734,524.53,524.53
32525,432.37,432.37
42408,173.96,173.96
16667,246.13,246.13
48095,852.46,852.46
86247,480.11,480.11
17096,606.61,606.61
62691,387.06,387.06
99350,530.47,530.47
64573,345.14,345.14
94603,403.43,403.43
91637,252.76,252.76
94620,886.12,886.12
47603,237.2,237.2
12365,235.54,235.54
85051,228.68,228.68
15366,455.08,455.08
24908,464.04,464.04
13083,576.79,576.79
28473,298.27,298.27
52977,411.25,411.25
83420,415.82,415.82
39179,400.74,400.74
41242,412.32,412.32
89779,295.77,295.77
46711,659.64,659.64
29389,587.66,587.66
12756,308.61,308.61
26609,372.38,148.95
69686,650.66,650.66
50380,180.01,180.01
82712,633.57,633.57
94576,278.46,278.46
18779,287.14,287.14
47302,236.57,236.57
67912,197.88,197.88
66470,245.94,245.94
57423,388.31,388.31
99163,384.13,384.13
81299,405.38,405.38
30497,396.13,158.45
88695,476.68,476.68
61391,136.1,136.1
35451,300.36,300.36
23501,268.99,268.99
50915,482.48,482.48
65433,137.41,137.41
69541,663.56,663.56
47392,455.65,455.65
28731,480.9,480.9
59245,538.92,538.92
9987,306.15,306.15
25908,530.74,530.74
701,338.47,338.47
57448,410.49,410.49
27828,448.5,448.5
70312,135.71,135.71
22567,302.02,302.02
93195,210.54,210.54
40512,525.08,525.08
38612,232.43,232.43
2111,215.07,215.07
71443,111.95,111.95
3037,372.64,372.64
75310,104.7,104.7
71514,234.88,234.88
24279,229.95,229.95
94097,533.74,533.74
5271,477.09,477.09
29907,719.5,719.5
10934,239.7,239.7
98086,633.58,633.58
96578,144.13,144.13
77635,346.41,346.41
77748,491.97,491.97
82101,341.19,341.19
77480,182.85,182.85
36370,473.1,473.1
4347,219.42,219.42
72546,288.69,288.69
5118,338.74,338.74
16249,267.06,267.06
79729,882.54,882.54
73719,469.12,469.12
49759,270.41,270.41
80442,281.21,281.21
24504,631.7,631.7
87942,276.54,276.54
66666,219.33,219.33
2365,324.21,324.21
83928,763.96,763.96
90821,250.09,250.09
71075,310.99,310.99
98030,492.38,492.38
28426,448.93,448.93
50221,663.55,663.55
28765,207.14,207.14
77852,105,105
62723,223.29,223.29
47872,444.67,444.67
14141,624.37,624.37
26850,230.68,230.68
53121,287.85,287.85
62095,215.3,215.3
9733,275.75,275.75
54715,84.45,84.45
17966,430.73,430.73
74197,534.71,534.71
26102,531.24,531.24
75844,85.57,85.57
60277,273.55,273.55
82071,451.09,180.44
24989,237.38,237.38
24337,281.27,281.27
97181,308.33,308.33
81215,322.94,322.94
51072,510.93,510.93
19410,891.58,891.58
85306,674.63,674.63
62386,607.43,607.43
77289,351.63,351.63
15806,163,163
13965,281.28,281.28
85858,349.41,349.41
83009,299.54,299.54
30139,402.11,402.11
86092,479.8,479.8
90091,304.29,304.29
56424,733.8,733.8
94821,334.09,334.09
63604,111.88,111.88
91263,659.14,659.14
24135,405.29,405.29
98046,200.18,200.18
29396,505.6,505.6
37735,304.21,304.21
7101,226.86,90.74
15,475.92,475.92
42584,467.2,467.2
11073,196.01,196.01
11407,718.06,718.06
23295,606.68,606.68
450,789.05,789.05
19933,269.93,269.93
58981,335.39,335.39
37070,279.72,279.72
75295,321.96,321.96
84632,432.7,432.7
85322,330.24,330.24
26082,612.37,612.37
31200,741.53,741.53
45017,368.01,368.01
26052,681.73,272.69
87564,321.84,321.84
80935,159.95,159.95
99193,317.27,317.27
65491,1049.32,1049.32
82564,401.31,160.52
45061,123.5,123.5
97546,441.21,441.21
33368,327.54,327.54
25357,572.95,572.95
27921,507.99,507.99
99612,2244.4,2244.4
92814,333.22,333.22
27042,187.93,187.93
93169,530.82,530.82
74105,110.9,110.9
10213,503.69,503.69
51100,506.76,506.76
67589,534.29,534.29
9807,1349.92,1349.92
6099,239.02,239.02
87157,455.55,455.55
15927,438.36,438.36
86540,394.42,394.42
89484,558.69,558.69
20919,518.97,518.97
18796,414.75,414.75
2021,257.99,257.99
7883,220.68,220.68
92359,330.32,330.32
62292,355.43,355.43
25121,702.38,702.38
60430,250.54,250.54
24236,309.07,309.07
1563,239.77,239.77
17152,351.11,351.11
57007,667.77,667.77
42935,328.68,328.68
5219,579.67,579.67
82753,144.6,144.6
53133,321,321
46712,658.45,658.45
5433,444.59,444.59
72407,295.55,295.55
35513,392.05,392.05
70852,606.14,606.14
82446,299.56,299.56
35584,790.6,790.6
37405,375.39,375.39
10878,122.84,122.84
7694,415.26,166.1
3012,454.55,454.55
41150,388.34,388.34
4474,291.87,291.87
55573,554.25,554.25
93381,271.97,271.97
56534,134.11,134.11
43681,781.39,781.39
63234,274.74,274.74
513,592.24,592.24
61433,365.6,365.6
54606,377.4,377.4
33411,239.4,239.4
56323,180.04,180.04
30698,710.49,710.49
12959,296.82,296.82
52526,116.25,116.25
68083,209.34,209.34
1561,388.21,388.21
35100,251.04,251.04
26455,318.77,318.77
42835,199.39,199.39
35945,274.93,274.93
71851,356.02,356.02
5093,286.1,286.1
1369,489.43,489.43
59463,191.33,191.33
54201,401.52,401.52
41072,378.1,378.1
83362,118.89,118.89
56247,571.88,571.88
61189,672.73,672.73
53902,400.3,400.3
52213,417.36,417.36
21104,801.5,801.5
72121,490.98,490.98
48429,252.45,252.45
59126,417.57,417.57
64951,156.15,156.15
40057,318.8,318.8
81329,387.65,387.65
35865,342.56,342.56
92971,98.6,98.6
51209,323.72,323.72
22922,295.51,295.51
94351,455.1,455.1
20331,820.25,820.25
66669,421.61,421.61
6604,403.87,403.87
1487,276.48,276.48
89394,698.2,698.2
23486,383.19,383.19
22862,392.82,392.82
7785,343.74,343.74
22725,360.9,360.9
67452,285.06,285.06
86008,649.08,649.08
82788,779.85,779.85
48808,184.02,184.02
55366,575.78,575.78
83627,247.31,247.31
97423,827.96,827.96
37948,399.27,399.27
33334,179.34,179.34
66796,218.99,218.99
27747,245.25,245.25
86390,328.26,328.26
73907,193.95,193.95
